,0,1,2,3,4,5,6,7,8,9,10,11,12,13,14,15,16,17,18,19,20,21,22,23,24,25,26,27,28,29,30,31,32,33,34,35,36,37,38,39,speaker
0,-743.6276245117188,35.71804428100586,3.0966663360595703,11.413530349731445,1.9152299165725708,3.8689520359039307,4.832450866699219,-2.7161848545074463,-7.353509902954102,-3.953921318054199,0.12192576378583908,-1.6085789203643799,-1.7674592733383179,-4.058416366577148,-1.8641326427459717,-0.9962874054908752,-5.680347442626953,-2.1855640411376953,0.16762563586235046,-4.95304012298584,-3.8965988159179688,-1.2526390552520752,-3.7572126388549805,-3.644163131713867,-2.018249988555908,-2.516234874725342,-3.065373420715332,-1.5433964729309082,-1.5329220294952393,-2.4737839698791504,-1.9536898136138916,-2.1957387924194336,-1.8605748414993286,-1.5818818807601929,-1.682175636291504,-2.053921699523926,-1.9808255434036255,-1.439797043800354,-1.3684978485107422,-1.0872464179992676,1.0
1,-833.7117919921875,31.392335891723633,-18.444091796875,15.143380165100098,-3.85959792137146,-5.253316402435303,-0.3047757148742676,-2.3578789234161377,-3.7673141956329346,-1.3301753997802734,-4.041252136230469,-1.6141796112060547,0.932466983795166,-2.9783380031585693,1.5853955745697021,-0.10758156329393387,-2.0800893306732178,-1.0218095779418945,0.29829496145248413,-0.5664898753166199,-2.181877613067627,-0.7934048771858215,-1.7648301124572754,-1.7126085758209229,-2.0360701084136963,-1.14750075340271,-1.6600244045257568,-1.7309701442718506,-1.317460298538208,-2.2954978942871094,-1.5914286375045776,-1.5456833839416504,-0.9747653603553772,-1.1834510564804077,-0.8367581367492676,-1.1931157112121582,-0.6608842015266418,-0.6892237663269043,-1.0883424282073975,-0.7671301960945129,1.0
2,-814.016357421875,17.61861801147461,1.3229583501815796,6.634109973907471,2.8868298530578613,1.7772890329360962,-1.2046101093292236,2.4440131187438965,-1.31209135055542,-0.37084656953811646,-0.12284944951534271,0.12718261778354645,0.32535120844841003,-1.9789597988128662,1.782769799232483,-0.4164266288280487,-0.9461233019828796,-0.3818873167037964,0.21546031534671783,-0.584925651550293,-1.5744661092758179,-0.1682676076889038,-1.6507902145385742,-0.9454804062843323,-1.486548900604248,-0.8955018520355225,-0.7479238510131836,-1.230633020401001,-0.9194891452789307,-1.2281651496887207,-1.000274658203125,-1.3357044458389282,-0.26230791211128235,-1.169594645500183,-1.133255958557129,-0.9294558763504028,-1.0541044473648071,-0.8884027600288391,-0.817653238773346,-0.5205431580543518,1.0
3,-851.3375854492188,18.251367568969727,-2.964247465133667,4.956808567047119,4.0669941902160645,0.8932468295097351,-1.7015197277069092,0.17128527164459229,-1.96306574344635,-0.8160994052886963,-1.574549674987793,0.14717696607112885,-0.4012407958507538,-1.1247559785842896,1.793603777885437,-0.5563998222351074,0.8326592445373535,-0.40693792700767517,-0.045327067375183105,0.18681232631206512,-0.6238745450973511,-0.35921910405158997,-1.449244737625122,-0.023806776851415634,-0.8030630350112915,-0.8089261651039124,-0.9032487273216248,-0.2742921710014343,-0.7875203490257263,-0.7201981544494629,-0.09001379460096359,-0.9777289628982544,-0.0482446551322937,-1.1039505004882812,-0.6794820427894592,-0.9389325380325317,-0.7708202600479126,-0.5218747854232788,-0.6402642726898193,-0.23918744921684265,1.0
4,-862.3634643554688,37.396095275878906,7.160190582275391,12.594236373901367,7.484071254730225,3.053389072418213,0.2024945765733719,0.8057299852371216,-3.8573355674743652,-2.0199332237243652,1.561324954032898,-1.0691051483154297,-0.9200507402420044,-1.3373589515686035,0.20457379519939423,-0.975032389163971,-1.5888468027114868,-1.3814420700073242,-1.5387526750564575,-1.0972907543182373,-2.4173429012298584,-2.160534143447876,-1.803499698638916,-1.9118962287902832,-2.329249620437622,-1.7967729568481445,-1.4810190200805664,-2.059701681137085,-1.414294958114624,-1.297166109085083,-1.9492660760879517,-1.6877293586730957,-1.5739341974258423,-1.971659779548645,-1.863846778869629,-2.053799629211426,-1.4236794710159302,-0.9216572642326355,-0.9671095609664917,-0.8831911087036133,1.0
5,-894.5189819335938,17.00874900817871,1.0371181964874268,4.276658058166504,3.5082263946533203,2.3484878540039062,-0.04187469556927681,-2.0875186920166016,0.2461513876914978,0.6614538431167603,-1.6599327325820923,0.7937657237052917,0.9200009703636169,-1.2127032279968262,0.5621922016143799,-0.17536428570747375,-0.728357195854187,-0.3230985999107361,-0.06055779010057449,0.07231906056404114,-0.3725373446941376,-0.6693555116653442,-1.2862675189971924,-0.6502144932746887,-0.7901400327682495,-1.3451287746429443,-1.2844187021255493,-0.8445605039596558,-0.7413832545280457,-0.8541022539138794,-0.28598833084106445,-0.7030961513519287,-0.5673927068710327,-0.5714905261993408,-1.1253284215927124,-0.8004400134086609,-0.4532386064529419,-0.13799436390399933,-0.13914531469345093,-0.6025461554527283,1.0
6,-860.6766967773438,40.111289978027344,4.9164347648620605,5.301748275756836,2.5333845615386963,1.9781287908554077,-2.6034233570098877,1.941835880279541,-1.7368220090866089,-3.452268362045288,0.18762145936489105,-0.18436701595783234,-0.624211847782135,-2.036062479019165,0.6609192490577698,-0.0429447777569294,-2.593144416809082,-2.0227510929107666,0.5303650498390198,-1.4385333061218262,-2.098792791366577,-0.0663633644580841,-2.0502982139587402,-1.5508593320846558,-1.3891280889511108,-1.475213885307312,-1.5368393659591675,-1.0128390789031982,-0.7478289008140564,-1.1559476852416992,-0.46579715609550476,-0.9875253438949585,-0.5227071642875671,-1.296462893486023,-1.4394453763961792,-1.129045844078064,-1.3154598474502563,-0.5185351967811584,-0.9602806568145752,-1.1505345106124878,1.0
7,-842.0274047851562,20.104320526123047,1.9788093566894531,9.038347244262695,1.098630666732788,4.450840473175049,0.5398440957069397,1.6162904500961304,0.25619542598724365,-2.1262362003326416,-0.2642994821071625,0.22335131466388702,0.4223950207233429,-1.6770485639572144,1.4933393001556396,0.0338972806930542,-1.5279812812805176,0.3310456871986389,-0.1543351411819458,-1.2835462093353271,-1.2492815256118774,-1.2292017936706543,-2.416038751602173,-1.2929658889770508,-1.5628248453140259,-1.6359727382659912,-1.2661699056625366,-1.2403937578201294,-1.5197981595993042,-1.8535404205322266,-1.3004952669143677,-1.859710931777954,-1.3118847608566284,-1.2127763032913208,-1.2575856447219849,-1.168660044670105,-1.0075870752334595,-0.8055087327957153,-0.9642274379730225,-0.37081074714660645,1.0
8,-855.1943359375,28.094141006469727,-0.8025363683700562,2.5566673278808594,-1.2316402196884155,-1.276230812072754,-2.444706916809082,-2.838320255279541,1.1429332494735718,-1.1079237461090088,-2.01141619682312,1.213811993598938,-0.7706868648529053,-1.473807692527771,1.4093773365020752,0.13403190672397614,-0.9596405625343323,-0.5444841384887695,0.19724597036838531,-0.41152268648147583,-1.6692326068878174,-1.0493987798690796,-1.0089173316955566,-1.33587646484375,-1.1624963283538818,-0.77269047498703,-0.5453122854232788,-0.19810588657855988,-0.35556545853614807,-0.2933186888694763,-0.506844162940979,-1.0101622343063354,-0.2441130429506302,-0.5501609444618225,-0.7187340259552002,-0.29258623719215393,-0.38855043053627014,-0.23604139685630798,-0.16635631024837494,-0.14080922305583954,1.0
9,-874.5909423828125,20.283266067504883,-2.9429550170898438,3.586291790008545,1.972353219985962,0.041707418859004974,-1.110672116279602,-0.5587563514709473,-0.9815805554389954,-1.2505683898925781,-0.7407543659210205,0.42649057507514954,-0.7092264890670776,-0.6380980610847473,0.9706554412841797,-0.560459315776825,-0.3621986210346222,-1.09243905544281,0.030548594892024994,0.355131059885025,-1.0699174404144287,-0.6120424866676331,-0.039979077875614166,-0.43947136402130127,-0.9974892139434814,-0.11126627027988434,-1.0227453708648682,-0.6190639138221741,-0.3168858587741852,-0.7164356112480164,-0.3953532874584198,-0.49244579672813416,-0.03911575302481651,-0.4277670979499817,-0.35095709562301636,-0.8184266090393066,-0.5303449630737305,-0.02894342876970768,-0.44766902923583984,-0.3608914911746979,1.0
10,-847.9252319335938,19.836538314819336,-6.750133991241455,4.7228102684021,2.9054059982299805,-2.0538299083709717,-0.5040270686149597,-1.4166672229766846,-1.6533126831054688,-0.42636629939079285,-0.8396622538566589,0.5350661277770996,-0.18904034793376923,-0.5083648562431335,1.294157862663269,-0.29746854305267334,-0.2342524379491806,-0.3553257882595062,-0.391564279794693,-0.08276869356632233,-0.8331282138824463,-0.8694021701812744,-0.6000280976295471,-0.09603971242904663,-0.7001410722732544,-0.6622206568717957,-0.24493998289108276,-0.4465334713459015,-0.5676788091659546,-0.21081076562404633,-0.35834625363349915,-0.5646108388900757,-0.17755642533302307,-0.46390360593795776,-0.36551737785339355,-0.4661327302455902,-0.417584627866745,-0.397857666015625,-0.2775917947292328,-0.20557451248168945,1.0
11,-853.7034912109375,25.14984130859375,-3.461289167404175,8.457765579223633,5.079193592071533,0.08099529892206192,1.9502220153808594,0.6696434617042542,-1.094011902809143,-0.22425730526447296,-0.019116269424557686,-0.021581444889307022,0.33232563734054565,-1.3298863172531128,0.4620034098625183,-0.2461293786764145,-1.852240800857544,-0.08450804650783539,-0.7440853118896484,-0.689023494720459,-1.030131220817566,-1.7619274854660034,-1.1223793029785156,-1.0950069427490234,-1.6650357246398926,-1.910064697265625,-1.1433295011520386,-1.4203382730484009,-1.3931652307510376,-0.938542902469635,-1.1420193910598755,-0.9263021945953369,-1.082092523574829,-0.7617642879486084,-0.7884225249290466,-1.0359458923339844,-0.45032596588134766,-0.6024941802024841,-0.6934406757354736,-0.5018253326416016,1.0
12,-817.7936401367188,45.760921478271484,7.241939544677734,8.707062721252441,-1.368538498878479,1.516721248626709,-7.960541248321533,4.461559295654297,-7.388084888458252,-2.5182833671569824,0.04039391875267029,-4.894546985626221,0.015099510550498962,-1.711040735244751,-0.03974445164203644,-1.5837329626083374,-1.2300317287445068,-2.890108585357666,0.35435035824775696,-1.609216332435608,-2.559770345687866,-0.6076000928878784,-2.632005453109741,-0.7388361096382141,-3.4456112384796143,-0.7384236454963684,-2.6451542377471924,-1.8555028438568115,-0.9698538184165955,-2.6854679584503174,-0.876950204372406,-2.3849573135375977,-0.8549885153770447,-2.511005401611328,-0.6028212308883667,-2.4318530559539795,-0.9559194445610046,-1.16416335105896,-1.6337611675262451,-0.6318666934967041,1.0
13,-856.487548828125,34.48984146118164,10.072147369384766,12.674662590026855,10.473053932189941,8.355205535888672,1.2632718086242676,3.2333784103393555,1.594436764717102,-0.6447460055351257,1.027517557144165,-0.5492925643920898,0.13547691702842712,-2.189335823059082,0.11136934906244278,0.4984847903251648,-2.944918155670166,-1.2417287826538086,-0.021633442491292953,-1.460853934288025,-2.777468681335449,-1.9808305501937866,-2.388767957687378,-2.6141343116760254,-2.7227022647857666,-2.7621982097625732,-1.9307340383529663,-2.568772554397583,-2.2945146560668945,-2.0236973762512207,-2.2909533977508545,-1.9211654663085938,-1.6260533332824707,-1.6888664960861206,-1.8296266794204712,-1.6128731966018677,-1.27430260181427,-1.1898369789123535,-1.3421248197555542,-1.1953006982803345,1.0
14,-855.0437622070312,16.36530303955078,-2.0869929790496826,3.4292213916778564,0.7927473783493042,1.0663725137710571,-5.299572944641113,-1.0166685581207275,-2.231428861618042,-2.424739360809326,-0.8347658514976501,-0.8161613941192627,0.39534270763397217,-0.7742894887924194,1.3372975587844849,-0.5858811140060425,-1.2615306377410889,0.3835098147392273,0.09070449322462082,-1.2972692251205444,-0.9213513731956482,-0.30880212783813477,-1.2088121175765991,-0.2605714797973633,-0.5563305020332336,-0.22244252264499664,-0.2075023353099823,-0.0009616594761610031,-0.4821443557739258,-0.10018156468868256,-0.19060885906219482,-1.1029177904129028,0.22220689058303833,-0.5973020195960999,-0.0803854689002037,-0.25259706377983093,-0.013652296736836433,-0.14670905470848083,-0.2946450412273407,-0.1268833726644516,1.0
15,-929.52294921875,14.050825119018555,-4.3225321769714355,4.3599114418029785,0.07894475013017654,-4.993973255157471,-5.138290882110596,-1.3034008741378784,-5.656286239624023,-0.10314588993787766,-2.150693655014038,0.43486306071281433,-2.1465163230895996,3.5498557090759277,2.6757378578186035,-1.272002935409546,-8.134827613830566,-1.5412933826446533,2.3144795894622803,3.0148513317108154,1.337388515472412,1.1404918432235718,-2.8908908367156982,-3.0575461387634277,-5.944751739501953,-0.5121119022369385,-4.137643814086914,-1.0675257444381714,-4.548491477966309,-0.03296444192528725,-0.2040639966726303,0.3866875171661377,-0.8617359399795532,-1.9287670850753784,-2.0346298217773438,-0.4293120205402374,-2.2741594314575195,3.8337512016296387,-2.172630786895752,-2.195159435272217,1.0
16,-931.8218994140625,10.479349136352539,-0.5842085480690002,3.509429454803467,-2.9360270500183105,0.29074472188949585,-7.9454731941223145,0.23584935069084167,-6.244297981262207,-0.42751544713974,-1.2542062997817993,0.04145589843392372,-1.9475737810134888,2.888582468032837,2.8753883838653564,-0.12792420387268066,-8.282323837280273,-1.3681000471115112,1.1423743963241577,4.110405921936035,1.4360705614089966,1.137439489364624,-3.5965328216552734,-2.419219970703125,-5.978546619415283,-0.23310233652591705,-4.353501796722412,-0.7589091658592224,-4.661990165710449,0.41265982389450073,-0.12363269180059433,0.7620629072189331,-1.2982405424118042,-1.3042293787002563,-2.372908115386963,-0.24639613926410675,-2.7910964488983154,4.280981063842773,-2.3062658309936523,-2.0957088470458984,1.0
17,-877.106201171875,22.479469299316406,0.9502415657043457,8.39884090423584,5.3342509269714355,2.059305429458618,1.567150354385376,0.6422083973884583,0.15646810829639435,0.8186292052268982,-0.37746381759643555,-0.4733552932739258,-0.09270427376031876,-1.4813531637191772,0.2090800702571869,-1.2206686735153198,-1.8136906623840332,-0.5909015536308289,-1.199320912361145,-0.7224369645118713,-1.3485302925109863,-1.5260424613952637,-1.3420512676239014,-1.2444957494735718,-1.585862636566162,-2.103600025177002,-1.1297032833099365,-1.3792458772659302,-1.490437388420105,-0.9169049263000488,-1.2233333587646484,-0.8843901753425598,-0.5510841608047485,-0.9092387557029724,-0.9588589072227478,-0.7590253353118896,-0.5917960405349731,-0.2560409903526306,-0.3843180537223816,-0.579270601272583,1.0
18,-891.8008422851562,25.772951126098633,-5.084948539733887,3.9193904399871826,2.0544049739837646,-2.4569826126098633,-0.6822288036346436,-0.9688618779182434,-5.354193210601807,-0.26601529121398926,1.1550886631011963,-1.0937845706939697,-0.29516878724098206,-0.2962366044521332,0.9826041460037231,-0.7921481132507324,-2.4774177074432373,-0.7549763321876526,1.8607450723648071,0.2128518968820572,-0.584029495716095,-0.4642072916030884,-1.0342328548431396,-0.4809100329875946,-1.4752384424209595,-1.2516430616378784,-1.4309990406036377,-1.543968915939331,-1.388685941696167,-0.9545412063598633,-0.5396441221237183,-0.048608604818582535,0.18146207928657532,-0.8108037114143372,-0.5428768992424011,-1.1282576322555542,-0.3366123139858246,0.45543181896209717,-0.21565045416355133,-0.5436239242553711,1.0
19,-936.96923828125,9.698867797851562,-3.757242441177368,2.5673093795776367,-3.3167927265167236,-3.4928221702575684,-6.219415664672852,-0.7373964786529541,-5.371541500091553,0.08001837879419327,-2.5981924533843994,0.5575862526893616,-2.791271924972534,4.386232376098633,2.110952615737915,-0.8318636417388916,-8.56584644317627,-0.938319742679596,1.3278990983963013,4.1617584228515625,1.5717417001724243,1.6808655261993408,-3.324781894683838,-2.47446608543396,-5.9732818603515625,-0.05423003062605858,-4.497644901275635,-0.3684350848197937,-5.007749557495117,0.8925350308418274,-0.5898266434669495,1.0612250566482544,-1.4247627258300781,-1.1959012746810913,-2.112245559692383,0.09366495907306671,-2.3291101455688477,4.636984825134277,-2.563847064971924,-1.738984227180481,1.0
20,-875.6097412109375,28.081789016723633,-0.2380453199148178,9.04163932800293,8.326226234436035,0.6610699892044067,1.3961071968078613,0.6286728978157043,-2.562406539916992,-3.0667810440063477,-2.382112503051758,-0.4971376359462738,-0.9787685871124268,-2.3070225715637207,-0.5325683355331421,-0.5813286304473877,-2.047025203704834,-1.481756567955017,-0.017779232934117317,-0.6562384366989136,-1.3956822156906128,-1.029801607131958,-1.0021989345550537,-1.3134700059890747,-1.5627479553222656,-1.2290881872177124,-1.2809854745864868,-1.1643117666244507,-1.1220468282699585,-0.9280065894126892,-0.7656025886535645,-0.5786601305007935,-0.0013203400885686278,-0.4106844663619995,-0.9011455774307251,-0.9067164659500122,-0.4358549416065216,-0.27402156591415405,-0.18265213072299957,-0.23376332223415375,1.0
21,-827.6324462890625,33.600521087646484,7.2216973304748535,21.039447784423828,10.299511909484863,3.1005756855010986,0.6334285140037537,3.3113584518432617,-3.502268075942993,-2.1213343143463135,-1.7137845754623413,-0.5153721570968628,-0.6930729746818542,-3.029982805252075,0.709603488445282,-1.0498002767562866,-1.1813533306121826,-2.1545562744140625,-0.824366569519043,-2.0277953147888184,-3.642751932144165,-1.9700336456298828,-2.9731576442718506,-2.118520975112915,-3.3392274379730225,-1.5481085777282715,-2.4137237071990967,-2.6626200675964355,-1.9017010927200317,-2.5184054374694824,-1.9988527297973633,-2.923574686050415,-1.4579188823699951,-2.4491398334503174,-1.743228554725647,-1.930255651473999,-1.4752901792526245,-1.8006017208099365,-2.0466811656951904,-1.507038950920105,1.0
22,-843.8106689453125,31.55943489074707,1.906202793121338,7.929108142852783,2.8923733234405518,-3.8438987731933594,-1.3081550598144531,-0.554853081703186,-1.6585067510604858,0.17145538330078125,-1.0363926887512207,-0.7949170470237732,-0.48414891958236694,-1.2038928270339966,0.10254564136266708,-0.19755403697490692,-0.8700748085975647,-0.6476036310195923,0.6262319684028625,-0.943972647190094,-1.262967586517334,-0.8392261266708374,-1.313482642173767,-1.100519061088562,-1.7674486637115479,-0.7281039357185364,-0.9291916489601135,-1.0196226835250854,-0.8239660859107971,-1.0548971891403198,-1.1525853872299194,-1.3165966272354126,-0.9361858367919922,-1.1481921672821045,-0.9304625988006592,-1.0316987037658691,-0.5150426626205444,-0.7157097458839417,-0.8088796734809875,-0.5943512916564941,1.0
23,-868.30517578125,11.38144588470459,4.161391258239746,6.179399013519287,-0.8515495657920837,4.178020477294922,-3.9297564029693604,-0.6534204483032227,-0.9330567121505737,-1.988861083984375,-0.7594796419143677,-0.18175697326660156,0.05199209228157997,-1.6312315464019775,1.655226469039917,-0.5947174429893494,-0.405474990606308,0.0006277524516917765,-0.44943493604660034,-0.18184882402420044,-1.2129366397857666,-0.8234968781471252,-0.8641625046730042,-0.15624257922172546,-1.3944363594055176,-0.650858998298645,-0.6325621008872986,-0.9579372406005859,-0.2743791937828064,-0.916215717792511,-0.539354681968689,-0.6721994280815125,-0.33588290214538574,-0.5445665121078491,-0.45206668972969055,-0.7584719657897949,-0.2035904973745346,-0.2393021583557129,-0.4944671094417572,-0.19511190056800842,1.0
24,-805.4996337890625,31.390100479125977,-0.6926860809326172,3.471461772918701,3.649993896484375,-3.5098135471343994,-2.932573080062866,-0.3713532090187073,-4.484683513641357,-4.1823530197143555,-1.1553051471710205,-2.5847854614257812,-1.883827805519104,-1.1347534656524658,-0.7866039872169495,-0.14521244168281555,-0.8707110285758972,-1.0542092323303223,-0.4982145428657532,-0.9469445943832397,-1.8721683025360107,-1.549992322921753,-0.807449221611023,-1.292962670326233,-1.5790611505508423,-0.5145804286003113,-0.9296391606330872,-1.2567373514175415,-0.36435070633888245,-0.4948543906211853,-0.644416332244873,-0.4453705847263336,-0.07278726994991302,0.065364308655262,0.013756443746387959,-0.3405764102935791,-0.7336888313293457,-0.3940671980381012,-0.6557614207267761,-0.9158180952072144,1.0
25,-919.9755249023438,16.89912223815918,-3.9092397689819336,2.9128055572509766,-4.665042877197266,-3.6732027530670166,-6.044826030731201,-1.7601295709609985,-8.053533554077148,-0.9815267324447632,-2.0258615016937256,0.33524298667907715,-1.1113449335098267,1.2635064125061035,2.405595064163208,-1.0717887878417969,-8.917405128479004,-1.8864383697509766,0.9462597370147705,3.018446922302246,1.039346694946289,0.1232028678059578,-3.1948981285095215,-2.995469808578491,-5.958703517913818,-0.9248327612876892,-4.291357517242432,-1.109836459159851,-4.865340709686279,-0.26377010345458984,-0.29993748664855957,0.5522109866142273,-1.1947969198226929,-2.1405205726623535,-1.7531574964523315,-0.552202582359314,-2.389451265335083,3.4872488975524902,-2.223602294921875,-2.1388306617736816,1.0
26,-899.8223266601562,16.96979331970215,-4.288385391235352,6.664251327514648,-1.9110419750213623,-0.6863972544670105,-5.447844505310059,-2.290987014770508,-4.987356185913086,-1.5054824352264404,-1.0206815004348755,-0.5077086687088013,0.23039068281650543,-0.18341410160064697,1.7773698568344116,-1.0704355239868164,-2.5603036880493164,-1.6653515100479126,0.8750298619270325,0.8673549294471741,-0.4184776842594147,-0.7438703775405884,-1.6916626691818237,-1.160086750984192,-2.096158027648926,-1.5381278991699219,-2.630279302597046,-1.4410356283187866,-1.9063307046890259,-1.1945942640304565,0.12908318638801575,-0.3554861545562744,0.7913755178451538,-1.7381943464279175,-0.5944728255271912,-1.6276472806930542,-0.519088089466095,0.8910833597183228,-0.5731066465377808,-0.9499388933181763,1.0
27,-903.7064208984375,15.8183012008667,-2.5641934871673584,5.125420570373535,-2.020714044570923,1.5096478462219238,-8.710164070129395,1.692270278930664,-8.216269493103027,-0.39779502153396606,-1.2244330644607544,-0.8745352029800415,-0.3532896041870117,0.07372204959392548,2.711764097213745,-0.8749592304229736,-4.752776622772217,-2.0451080799102783,1.567854642868042,0.7275105118751526,-0.6754398345947266,-0.07293572276830673,-3.095010995864868,-1.2733396291732788,-5.307102680206299,-1.1545238494873047,-3.922027111053467,-2.446305751800537,-3.234590768814087,-1.5374197959899902,-0.47589588165283203,-1.1248821020126343,-0.15660597383975983,-2.5608572959899902,-0.863122284412384,-1.7045024633407593,-1.5111265182495117,1.485554814338684,-1.610068440437317,-1.6753201484680176,1.0
28,-884.629638671875,15.070954322814941,1.9564366340637207,5.280124664306641,-1.6918447017669678,0.6391215920448303,0.5769145488739014,-2.0196499824523926,-2.1354472637176514,-0.914053738117218,-0.13508309423923492,-1.7919883728027344,-0.6891258955001831,-0.3569610118865967,-0.7438152432441711,0.3281480073928833,0.0014615572290495038,-1.426560640335083,0.5052034854888916,0.48984044790267944,-1.4248826503753662,0.1501564085483551,-0.5748198628425598,-1.2303074598312378,-0.611275851726532,-1.1150023937225342,-0.978114664554596,-0.8182061910629272,-0.4225895404815674,-0.49943026900291443,-0.5259227156639099,-0.06333461403846741,-0.433383584022522,-0.4332024157047272,-0.26561784744262695,-0.7394063472747803,-0.42070460319519043,-0.10046911984682083,-0.23320923745632172,-0.29486846923828125,1.0
29,-831.4418334960938,19.11948585510254,-1.8553156852722168,5.449531078338623,1.7671951055526733,-1.7541401386260986,-1.9619194269180298,-0.8070976734161377,-2.081819772720337,-0.8039538860321045,-0.7237871289253235,-1.1781312227249146,-0.4591596722602844,-0.7805858850479126,0.016945619136095047,-0.7974996566772461,-1.0710923671722412,-0.5357868671417236,-0.20966275036334991,-1.5627551078796387,-0.7413773536682129,-1.1389803886413574,-1.5546703338623047,-0.002524683950468898,-1.4993525743484497,-0.62909334897995,-0.61919766664505,-0.5387385487556458,-0.28313755989074707,-0.6924929022789001,-0.1178591251373291,-0.5639399290084839,-0.03947291895747185,-0.2763209044933319,-0.31742143630981445,-0.23223577439785004,-0.06285255402326584,-0.1959906369447708,-0.450691282749176,-0.250344455242157,1.0
30,-897.6005859375,20.43682289123535,0.24263429641723633,4.062394142150879,2.598006248474121,-0.9634110331535339,-2.556661605834961,-0.7712758183479309,-2.105867385864258,-0.34531164169311523,0.5328429937362671,-0.1367940753698349,0.7721213698387146,0.129686176776886,0.16890743374824524,-0.6870535016059875,-1.666933298110962,-0.8063531517982483,0.5131844282150269,0.13779020309448242,-0.35773515701293945,-0.7972207069396973,-0.3164234757423401,-0.8857656717300415,-1.5744999647140503,-1.2691847085952759,-1.7653120756149292,-1.0424960851669312,-1.0120805501937866,-0.5842067003250122,-0.27873560786247253,0.03590520843863487,0.2284478098154068,-0.6474214792251587,-0.6844165325164795,-0.953369677066803,-0.02971702069044113,0.29819899797439575,-0.2601516842842102,-0.4011615514755249,1.0
31,-840.5494995117188,27.638547897338867,5.1772074699401855,12.314484596252441,8.774360656738281,4.643301963806152,3.2568142414093018,1.5782699584960938,1.213197112083435,0.5496107935905457,-0.6509151458740234,-0.06019866466522217,-0.7052470445632935,-1.0813450813293457,0.36177128553390503,-1.1228784322738647,-1.0574449300765991,-1.1342518329620361,-1.6050899028778076,-1.1807042360305786,-2.1405577659606934,-2.3561573028564453,-1.9757040739059448,-2.332044839859009,-2.6988253593444824,-2.296349048614502,-2.29833984375,-1.9561222791671753,-2.0662941932678223,-2.098344564437866,-1.745666265487671,-1.9243983030319214,-1.8448376655578613,-2.023380756378174,-1.5704041719436646,-1.7713608741760254,-1.605965256690979,-1.2970689535140991,-1.5977967977523804,-1.0564042329788208,1.0
32,-756.3065185546875,19.41835594177246,-1.3029518127441406,13.064719200134277,2.2849276065826416,-3.831585168838501,2.686762571334839,0.9514976143836975,-1.9303457736968994,-1.2363077402114868,-2.045175075531006,0.1751498281955719,-0.9174968600273132,-3.849982738494873,-0.6228563189506531,-0.8439207673072815,-1.6509864330291748,-2.3484299182891846,-1.1892526149749756,-0.7440117597579956,-3.0863590240478516,-0.9615519046783447,-1.6862231492996216,-2.315925121307373,-0.6086921691894531,-1.2657356262207031,-1.6279352903366089,-0.9312378764152527,-0.6261570453643799,-1.4610666036605835,-0.5573356747627258,-0.47579625248908997,-1.3965964317321777,-0.38098809123039246,-0.30534884333610535,-1.0188679695129395,-0.545016884803772,-0.23335319757461548,-0.6899257898330688,-0.6476905345916748,1.0
33,-866.0819702148438,23.547809600830078,-2.127213716506958,12.644262313842773,9.01175594329834,-0.47289615869522095,1.0363961458206177,1.4545793533325195,-1.7364310026168823,0.07992785423994064,0.2086501121520996,-0.8947011828422546,0.0340118408203125,-1.552315592765808,-0.558364748954773,-0.3433874845504761,-2.433619499206543,-1.2931841611862183,0.31794074177742004,-1.5860445499420166,-2.403648853302002,-1.3933912515640259,-1.421403169631958,-1.7453932762145996,-1.8232064247131348,-1.2611135244369507,-1.64726984500885,-1.4998284578323364,-1.1573854684829712,-1.441663384437561,-1.1995340585708618,-1.2709016799926758,-1.2743738889694214,-1.5677614212036133,-1.6708853244781494,-1.4143587350845337,-1.0585944652557373,-0.8601582646369934,-1.0794086456298828,-0.9283146858215332,1.0
34,-840.359619140625,23.06695556640625,-16.15234375,12.30032730102539,9.782297134399414,-8.58592700958252,-2.919255018234253,3.340785264968872,-0.3828164339065552,0.018701406195759773,2.298274040222168,0.3934038579463959,-0.8809394836425781,-0.26294320821762085,0.8567003011703491,0.09393879771232605,-1.3864794969558716,-0.8839321136474609,0.6906673908233643,-0.6983660459518433,-2.4313621520996094,-0.9953432679176331,-0.4119216203689575,-1.976586937904358,-2.055115222930908,-0.5422101616859436,-1.4580044746398926,-1.5524609088897705,-0.7645810842514038,-1.915576696395874,-1.6256321668624878,-1.1388792991638184,-1.4421396255493164,-0.9529494047164917,-0.8469266891479492,-1.1612467765808105,-0.6472289562225342,-0.5926035046577454,-0.9513007402420044,-0.6180122494697571,1.0
35,-913.9090576171875,19.689350128173828,-1.9377340078353882,3.266585111618042,1.509562611579895,-2.487886428833008,-2.7820217609405518,-1.3890000581741333,-4.606639862060547,-0.19645752012729645,1.1298062801361084,-0.3911195695400238,0.22926610708236694,0.9422212839126587,1.4485586881637573,-0.9621825218200684,-3.1746788024902344,-1.5276784896850586,1.7832934856414795,1.7161729335784912,0.5574765205383301,-0.6765387654304504,-0.9569873809814453,-1.6989859342575073,-2.122969388961792,-1.2048228979110718,-2.2267704010009766,-1.4162752628326416,-1.8626207113265991,-0.7276090979576111,-0.13412748277187347,0.6090922355651855,0.8399413228034973,-1.0593007802963257,-0.7676072120666504,-1.5556243658065796,-0.39358699321746826,1.7912147045135498,-0.08230394124984741,-1.1070317029953003,1.0
36,-798.066650390625,15.965291023254395,-2.3163328170776367,4.428727149963379,2.034790515899658,-1.8183555603027344,-0.9786403179168701,-0.10669908672571182,-1.9003286361694336,-0.1287647932767868,-0.9747733473777771,-0.13709788024425507,-1.1088225841522217,-1.2831686735153198,1.2200958728790283,-1.235879898071289,0.38085582852363586,-0.6675931811332703,-0.37712082266807556,0.466821551322937,-1.260550618171692,-0.37217533588409424,-0.5397949814796448,-0.4129200577735901,-1.1164435148239136,-0.8648800253868103,-0.7392786741256714,-0.5942038297653198,-0.5524159073829651,-0.6592713594436646,-0.3356175720691681,-0.7379069924354553,-0.1712775081396103,-0.37535107135772705,-0.2096317559480667,-0.476410835981369,-0.450991153717041,-0.08844289928674698,-0.6427615880966187,-0.5426853895187378,1.0
37,-777.7222290039062,18.027353286743164,-0.9150254130363464,3.2232871055603027,3.948361396789551,-1.2251715660095215,-0.9906468391418457,-0.9039567112922668,-1.2602602243423462,-0.6521399021148682,-0.8213938474655151,-0.15472538769245148,-0.15321901440620422,-0.8592824935913086,0.15334093570709229,0.45362380146980286,-0.5633484721183777,-0.5263385772705078,-0.2420443743467331,-0.4850764274597168,-0.6564674973487854,-0.8252161145210266,-0.7012216448783875,-0.529425859451294,-0.8611119985580444,-0.866702675819397,-0.5753071904182434,-0.7371553182601929,-0.7896003127098083,-0.6194840669631958,-0.5779549479484558,-0.4960174560546875,-0.5300123691558838,-0.5955640077590942,-0.5337108969688416,-0.5785538554191589,-0.5382890105247498,-0.44482293725013733,-0.5935037136077881,-0.6805998086929321,1.0
38,-883.8028564453125,15.965316772460938,-2.1423795223236084,10.842560768127441,-1.8745896816253662,-0.423556387424469,0.04115436226129532,-3.2752535343170166,-2.116199016571045,0.7944868803024292,-2.5803303718566895,-0.27062904834747314,0.6034348011016846,-2.2373313903808594,1.6497068405151367,-0.7484253644943237,-1.2552241086959839,-0.6337721347808838,0.4192107021808624,0.11815602332353592,-1.073372483253479,-0.1890348643064499,-1.0648384094238281,-0.2986190915107727,-1.6111563444137573,-1.3151487112045288,-1.0404268503189087,-1.7735084295272827,-0.862852931022644,-0.9111614227294922,-0.9335640668869019,-0.6058714985847473,-0.2099684774875641,-0.7693955898284912,-0.7681621313095093,-0.825728178024292,-0.5648142695426941,-0.4432440400123596,-0.34260448813438416,-0.6386576890945435,1.0
39,-855.7359619140625,31.4085750579834,9.379324913024902,13.97752857208252,5.976022243499756,6.020546913146973,2.733328104019165,-1.5740699768066406,1.2773021459579468,-0.9242504239082336,-0.43502771854400635,1.139123558998108,-1.3955577611923218,-0.5173884630203247,0.31385138630867004,-1.0428364276885986,-0.7353693842887878,-1.9155592918395996,-1.5167022943496704,-0.9526424407958984,-2.8851325511932373,-2.551556348800659,-1.9947906732559204,-2.8155479431152344,-2.6015987396240234,-2.055905818939209,-2.809267520904541,-2.471040725708008,-1.9154754877090454,-2.2306926250457764,-1.8117040395736694,-1.9680545330047607,-1.972287893295288,-1.7850059270858765,-1.716514229774475,-1.807963490486145,-1.7133508920669556,-1.1283811330795288,-1.2799081802368164,-0.9847787618637085,1.0
40,-834.8545532226562,29.807523727416992,11.6396484375,14.238402366638184,10.020025253295898,7.290796279907227,3.403608560562134,1.5009061098098755,-0.36116287112236023,-0.7817884683609009,-1.1590304374694824,-1.763311505317688,-0.5884548425674438,-1.9225813150405884,-0.6754478216171265,-0.242320254445076,-1.9132975339889526,-1.5038491487503052,-0.8257511854171753,-1.6904418468475342,-2.077284574508667,-1.7436596155166626,-2.04132080078125,-2.041520357131958,-2.1031107902526855,-1.5535885095596313,-1.9964027404785156,-1.9713515043258667,-1.28192937374115,-1.5688098669052124,-1.142163634300232,-1.0943629741668701,-1.0166996717453003,-1.036721110343933,-1.1234610080718994,-0.9291103482246399,-1.0831308364868164,-1.1222355365753174,-1.066871166229248,-1.036705732345581,1.0
41,-845.9723510742188,18.004615783691406,-3.57338547706604,3.370055913925171,3.497392416000366,-0.24484144151210785,-1.7808257341384888,-0.37020647525787354,-1.5891876220703125,-0.3414146900177002,-1.3576970100402832,-0.23416128754615784,0.08348024636507034,-0.9254350066184998,0.7805598974227905,-0.6764287352561951,0.02351359650492668,-1.1271374225616455,-0.003698466345667839,0.12025407701730728,-1.6629993915557861,-0.6233741641044617,-0.3015080392360687,-0.32885971665382385,-1.3100430965423584,-0.11992791295051575,-0.6213535070419312,-0.8238224983215332,-0.4636014699935913,-0.7109786868095398,-0.24628545343875885,-0.47442036867141724,-0.1378537267446518,-0.5688013434410095,-0.04649243876338005,-0.647627055644989,-0.5132122039794922,-0.23269206285476685,-0.7976140379905701,-0.3091167211532593,1.0
42,-872.5873413085938,19.391700744628906,2.3305306434631348,5.984861373901367,3.7127926349639893,4.402031898498535,-2.1557204723358154,1.7947978973388672,-0.7546588778495789,-0.5379140973091125,0.7351512908935547,-0.21077270805835724,1.4741352796554565,-1.0419464111328125,0.6789483428001404,0.12879668176174164,-1.0123518705368042,-0.8405203819274902,-0.2873339056968689,-1.032799243927002,-1.4367010593414307,-1.2435131072998047,-1.7593806982040405,-1.1208428144454956,-2.2438411712646484,-1.3435683250427246,-1.9188232421875,-1.704387903213501,-1.0132344961166382,-1.8041468858718872,-1.1849652528762817,-1.427539587020874,-0.9973068237304688,-1.3038220405578613,-1.476822853088379,-1.5018144845962524,-0.9842501282691956,-0.9386705160140991,-0.8780477643013,-0.8472550511360168,1.0
43,-770.3773803710938,19.59944725036621,2.953775405883789,2.8956780433654785,1.5068217515945435,-0.7181625962257385,0.3268837034702301,-0.6934110522270203,-2.2488038539886475,0.043508756905794144,-0.8397582769393921,-1.152538537979126,0.33185166120529175,-1.3715052604675293,-0.1475742608308792,0.6398190259933472,-0.9951996803283691,-1.1144689321517944,-0.2982252836227417,-0.8359010815620422,-1.5049813985824585,-0.708835780620575,-1.3635231256484985,-1.4057518243789673,-1.0338919162750244,-1.2878270149230957,-1.0424576997756958,-1.2911337614059448,-1.0044068098068237,-0.8663467764854431,-0.9582300186157227,-0.8376821875572205,-0.7973993420600891,-0.751046359539032,-0.8624107241630554,-0.7862269282341003,-0.9051125049591064,-0.8578945994377136,-0.5599613189697266,-0.5036922693252563,1.0
44,-869.6529541015625,18.8409366607666,-3.2543892860412598,5.921335220336914,3.4116504192352295,-0.3520070016384125,-0.8478969931602478,-1.2678781747817993,-1.2417848110198975,-0.6928566694259644,-0.5802080631256104,-0.061818987131118774,-0.811151385307312,-0.3736713230609894,1.1056811809539795,-1.0099167823791504,-0.5211324691772461,-0.13046905398368835,0.034672316163778305,-0.11512532085180283,-1.269718885421753,-0.5244737863540649,-0.7259634137153625,-0.8803902268409729,-1.2129453420639038,-0.8536961674690247,-0.7826005220413208,-1.2573522329330444,-0.6929271817207336,-0.7393702268600464,-0.7333389520645142,-0.576904296875,-0.6586647033691406,-0.7764337658882141,-0.7676576972007751,-0.7230073809623718,-0.3072604835033417,-0.35255172848701477,-0.5809279084205627,-0.5688642859458923,1.0
45,-809.0984497070312,29.079626083374023,1.6812998056411743,7.183664321899414,7.195061683654785,3.5074288845062256,1.2531603574752808,1.7780176401138306,-1.4309431314468384,2.6675233840942383,0.8391863107681274,-1.3090952634811401,0.03693639487028122,-0.3781398832798004,0.09669826179742813,-1.0851036310195923,-1.422255516052246,-1.590569257736206,0.6804761290550232,-2.3067116737365723,-2.3416366577148438,-1.2274869680404663,-2.609631299972534,-1.2102370262145996,-2.8334767818450928,-1.4464186429977417,-1.9329754114151,-1.8898136615753174,-1.4813206195831299,-2.1497952938079834,-1.4098531007766724,-1.9821510314941406,-1.4906948804855347,-1.3654545545578003,-0.939655601978302,-1.7462056875228882,-0.8516503572463989,-1.146604061126709,-1.2047473192214966,-1.064514398574829,1.0
46,-853.2537231445312,21.326745986938477,0.3120654821395874,6.186132431030273,0.7159726023674011,-0.4669577181339264,-1.6546260118484497,-2.530125617980957,-3.0282559394836426,-0.3525894284248352,-1.2532089948654175,-0.837907612323761,-0.15073919296264648,-1.8280574083328247,0.6746945381164551,-0.5364812016487122,-1.176960825920105,-0.9782238006591797,-0.3870362639427185,-0.8327261209487915,-1.4920364618301392,-1.137193202972412,-1.2354402542114258,-0.4802158772945404,-1.6837449073791504,-0.8246633410453796,-0.8584530353546143,-1.4406895637512207,-0.584346354007721,-0.9007439017295837,-0.8964126110076904,-0.6182627081871033,-0.6652176976203918,-0.750073254108429,-0.476602703332901,-0.9837470650672913,-0.4304247200489044,-0.4453541040420532,-0.33972135186195374,-0.24361321330070496,1.0
47,-868.5173950195312,35.05057907104492,12.469805717468262,7.380098819732666,-5.172870635986328,0.5272594690322876,-2.259678840637207,-1.238645315170288,-1.627899169921875,0.7378158569335938,-0.0508996807038784,-1.344695806503296,0.15282869338989258,-2.5912106037139893,-0.14201568067073822,-1.2542775869369507,-2.192939519882202,-1.8548415899276733,-0.9778106808662415,-0.502453088760376,-1.5609203577041626,-1.3464072942733765,-1.7123923301696777,-1.204295039176941,-2.20664119720459,-1.7802941799163818,-1.6795053482055664,-1.8605622053146362,-1.5038789510726929,-1.793686032295227,-1.5974174737930298,-1.7565442323684692,-1.3041374683380127,-1.7221320867538452,-1.2091221809387207,-1.392645001411438,-1.2112184762954712,-1.0946388244628906,-1.0773584842681885,-0.9265733957290649,1.0
48,-896.3255004882812,20.137624740600586,3.4210164546966553,5.875502586364746,1.7384569644927979,-1.4033682346343994,-1.0172278881072998,-0.09847765415906906,-2.759988784790039,-0.041421450674533844,-0.6322767734527588,-1.1249366998672485,0.26267459988594055,-1.6390132904052734,-0.4951104521751404,0.09172557294368744,-1.7055662870407104,-1.7402170896530151,1.477238655090332,0.2557806074619293,-0.9967201948165894,-0.24995756149291992,-0.6651902198791504,-0.6222551465034485,-1.6632493734359741,-0.8293157815933228,-1.1581487655639648,-0.9887486100196838,-0.6543642282485962,-0.7952051162719727,-0.6096497178077698,-0.6463920474052429,-0.06383066624403,-1.1144548654556274,-0.8987423181533813,-0.8641194701194763,-0.13728919625282288,-0.020906154066324234,-0.34613192081451416,-0.5892204642295837,1.0
49,-899.2654418945312,21.08362579345703,0.0775676742196083,3.586174964904785,-0.5451439619064331,-2.7482409477233887,1.0347621440887451,-0.3376278877258301,-3.939753532409668,-0.8367026448249817,-0.09078157693147659,-0.03490263968706131,0.1942894607782364,-0.8000971078872681,0.47383934259414673,0.35147014260292053,-0.6283665895462036,-1.1499710083007812,0.778368353843689,-0.09646198898553848,-1.1038283109664917,-0.22924581170082092,-1.3532203435897827,-1.5490384101867676,-1.5962061882019043,-1.1782824993133545,-1.9381566047668457,-1.7616732120513916,-1.02345871925354,-1.4888248443603516,-1.158617377281189,-0.5270373821258545,-0.16559256613254547,-0.8628232479095459,-0.3763542175292969,-0.582915723323822,-0.6645839810371399,0.03751487657427788,-0.5088484883308411,-0.6990335583686829,1.0
50,-831.8237915039062,19.295961380004883,2.99824595451355,4.816372871398926,1.558514952659607,-0.873960018157959,0.4102199971675873,-0.9602763056755066,-1.7840200662612915,-0.6218355894088745,-1.7142030000686646,-0.28542232513427734,-0.6995482444763184,-1.9522942304611206,0.1993596851825714,-0.24192313849925995,-0.940035343170166,-1.1738733053207397,0.08963998407125473,-0.19959954917430878,-1.3047082424163818,-0.35484379529953003,-0.48478808999061584,-0.7367737889289856,-0.8499167561531067,-0.45921120047569275,-0.9596154093742371,-0.9941718578338623,-0.7918336391448975,-0.8433016538619995,-0.6441329717636108,-1.1311436891555786,-0.5466828942298889,-0.733511209487915,-0.7698332667350769,-0.6278365850448608,-0.8608071208000183,-0.565004825592041,-0.5777407288551331,-0.46823030710220337,1.0
51,-849.48876953125,19.126964569091797,-6.6360249519348145,6.047412872314453,0.6072438955307007,-3.1229660511016846,2.6315627098083496,0.9459053874015808,-2.9396884441375732,-1.076837182044983,1.0449308156967163,-0.09216757118701935,-1.332608699798584,-0.48180636763572693,0.3513854742050171,-1.0059902667999268,-0.8667007684707642,-0.47333285212516785,0.1687832772731781,0.02479902282357216,-1.5175011157989502,-1.0854533910751343,-0.3812229037284851,-0.878874659538269,-1.0592317581176758,-0.7164925336837769,-0.8364214897155762,-0.7223512530326843,-0.7325790524482727,-0.6343736052513123,-0.7519005537033081,-0.8032541275024414,-0.3536343574523926,-0.6110737919807434,-0.5745329856872559,-0.744397759437561,-0.4906882047653198,-0.19882641732692719,-0.5451162457466125,-0.4089137017726898,1.0
52,-808.3475341796875,53.82538986206055,13.185924530029297,16.57442855834961,14.235105514526367,3.2360079288482666,-0.2357565015554428,1.4320772886276245,-2.1408238410949707,-0.15685568749904633,-0.024799346923828125,-1.6693519353866577,-1.4682049751281738,-1.2876818180084229,0.7925562262535095,-1.1951944828033447,-1.824362874031067,-1.879562258720398,-0.5547813773155212,-1.3429985046386719,-3.0965468883514404,-1.7205034494400024,-1.9042452573776245,-2.365705728530884,-3.093501091003418,-1.949556589126587,-2.4549317359924316,-2.73464035987854,-1.9617507457733154,-2.4737625122070312,-2.0149576663970947,-2.3272647857666016,-1.6944628953933716,-1.3912547826766968,-1.266271948814392,-1.2218618392944336,-1.4827734231948853,-1.2424510717391968,-1.450073480606079,-1.2609994411468506,1.0
53,-842.4329223632812,23.068376541137695,-0.10681809484958649,6.693266868591309,2.393110990524292,-0.4381607472896576,0.641430139541626,0.8075430989265442,-1.6714450120925903,0.10320640355348587,-0.22726687788963318,-1.3851490020751953,0.5076784491539001,-1.0620501041412354,0.007034925278276205,0.6660653352737427,-1.1575390100479126,-0.8515451550483704,0.5227397084236145,-1.108494520187378,-1.2675293684005737,-0.6771995425224304,-1.3719843626022339,-0.603466808795929,-1.642600178718567,-1.1466193199157715,-0.7939648032188416,-1.1607733964920044,-0.720619261264801,-1.0956231355667114,-0.9601342678070068,-1.1998562812805176,-0.7003359794616699,-0.6498789191246033,-0.9304895401000977,-0.7162456512451172,-0.900596022605896,-0.8215460181236267,-0.9029363989830017,-0.9976590871810913,1.0
54,-869.2687377929688,23.69462776184082,12.67661190032959,11.546487808227539,3.4246037006378174,7.812931060791016,0.5510995984077454,0.33326485753059387,-2.776211977005005,-0.793510377407074,0.21081988513469696,-2.329148292541504,0.14912466704845428,-1.481938123703003,-0.09130850434303284,-0.2337094247341156,-1.2132841348648071,-1.7076176404953003,-0.596672773361206,-2.0620365142822266,-2.0928282737731934,-1.8009264469146729,-3.1055500507354736,-1.8174229860305786,-2.8903493881225586,-2.1895217895507812,-2.9132773876190186,-2.1815950870513916,-2.38870906829834,-3.0244812965393066,-1.8478316068649292,-2.617558717727661,-1.557708978652954,-2.0305001735687256,-1.7053191661834717,-1.618643045425415,-1.5736536979675293,-1.1799638271331787,-1.4110944271087646,-1.2742433547973633,1.0
55,-816.5803833007812,30.428680419921875,14.715575218200684,18.468374252319336,7.734957218170166,10.103544235229492,4.1115946769714355,4.267172336578369,2.0048086643218994,-0.08481381088495255,0.8523023724555969,-1.4908769130706787,0.2732677757740021,-0.8551817536354065,0.1237245425581932,-0.6340592503547668,-1.7038921117782593,-1.5851675271987915,-1.2981421947479248,-1.7402464151382446,-3.0176444053649902,-2.4545087814331055,-2.583503007888794,-2.9560773372650146,-3.853121519088745,-2.669825553894043,-3.3535006046295166,-3.0177664756774902,-2.310978889465332,-3.402492046356201,-2.0159270763397217,-2.7913386821746826,-2.164808511734009,-2.0195939540863037,-2.292152166366577,-1.4340146780014038,-2.0815327167510986,-1.4598546028137207,-1.7839245796203613,-1.78459632396698,1.0
56,-761.2327270507812,27.84014320373535,-4.117828845977783,12.43719482421875,2.606309413909912,-0.9745562672615051,-1.849761724472046,0.8209304213523865,-3.2464921474456787,-3.16922926902771,-2.500560998916626,-2.5035078525543213,-0.7512330412864685,-4.2491350173950195,-0.23970386385917664,-0.6287754774093628,-3.244230031967163,-2.412961006164551,-0.057894062250852585,-1.421478271484375,-3.5567939281463623,-1.5462251901626587,-1.6708695888519287,-1.9218294620513916,-2.4770398139953613,-1.2124437093734741,-1.4698143005371094,-1.2541635036468506,-1.3461068868637085,-1.1848523616790771,-0.4083546996116638,-2.3948404788970947,-0.7553719282150269,-1.083020567893982,-1.7628657817840576,-0.8853586912155151,-0.9695411324501038,-0.7867566347122192,-0.8155286908149719,-0.7296944856643677,1.0
57,-796.465576171875,35.470062255859375,8.158534049987793,6.335349082946777,7.3251543045043945,1.9057055711746216,-3.1017813682556152,-1.768862247467041,-1.911182165145874,-4.0196967124938965,-3.5295138359069824,-2.5326991081237793,-1.5737018585205078,-3.4482641220092773,-2.1869726181030273,0.778193473815918,-2.029571533203125,-2.628061056137085,-0.8701572418212891,-1.329056978225708,-1.8633593320846558,-2.539912223815918,-2.2523019313812256,-2.0692873001098633,-2.19765567779541,-1.2929548025131226,-1.4082988500595093,-1.301352620124817,-0.9875425100326538,-1.4623783826828003,-1.15656316280365,-0.9572440981864929,-1.1583000421524048,-1.2028707265853882,-1.0284267663955688,-0.9276800155639648,-1.1465688943862915,-0.8801274299621582,-0.7472249865531921,-0.9940370917320251,1.0
58,-691.533203125,17.75381851196289,-0.6443889737129211,1.620774507522583,-1.3467696905136108,0.706470787525177,-4.271094799041748,-1.0428507328033447,-3.9521644115448,-0.7589566111564636,-1.5021002292633057,-3.505298376083374,1.3782711029052734,-3.3248839378356934,-0.2973040044307709,0.44272807240486145,-1.673276424407959,-0.7369464039802551,-0.4483017921447754,-1.1105031967163086,-1.342637538909912,-0.7536184191703796,-1.7779403924942017,-0.47915929555892944,-1.2040035724639893,-0.6701235175132751,-0.5224058032035828,-1.075142502784729,-0.1098175197839737,-0.8404293656349182,-0.5115254521369934,-0.42724281549453735,-0.7186996340751648,-0.8369897603988647,-0.8520328402519226,-1.0576449632644653,-0.6533320546150208,-0.7119892835617065,-0.8677636981010437,-0.778222382068634,1.0
59,-823.2787475585938,21.457962036132812,7.227685451507568,10.006226539611816,3.4350974559783936,3.5978519916534424,-7.414529323577881,6.722309112548828,-4.00006103515625,-4.486878871917725,-0.6129788756370544,-2.0907821655273438,1.8562135696411133,-6.022407054901123,0.11795677989721298,-0.13376344740390778,-1.8137507438659668,-2.061509609222412,-1.1137568950653076,-1.1518219709396362,-2.515625476837158,-0.5384340882301331,-2.9439620971679688,-0.8271837830543518,-2.0671029090881348,-2.083780288696289,-1.1215555667877197,-1.7036949396133423,-1.6012502908706665,-1.5193250179290771,-0.7798247337341309,-1.5845906734466553,-0.7263243794441223,-1.1156460046768188,-0.6383243203163147,-1.1273452043533325,-0.8290470838546753,-0.5042772889137268,-0.7401394248008728,-0.356766015291214,1.0
60,-902.8970947265625,25.75065040588379,7.420725345611572,16.14084243774414,1.5647923946380615,-0.8286241888999939,-2.4300942420959473,-0.12603911757469177,-4.677416801452637,1.3565747737884521,-1.2170448303222656,1.6420955657958984,-0.07234156876802444,-0.8978015780448914,2.783766508102417,-1.7255204916000366,-5.224283218383789,-3.087730884552002,1.0306347608566284,0.6758216023445129,-0.747884213924408,-1.0933805704116821,-2.612830400466919,-1.9717984199523926,-4.172793388366699,-1.3644683361053467,-3.860530376434326,-1.9534498453140259,-3.47294545173645,-1.7607243061065674,-0.5839612483978271,-1.262204885482788,-0.07379577308893204,-1.9002857208251953,-1.239650011062622,-1.8905835151672363,-1.4151307344436646,1.3118640184402466,-1.1776111125946045,-1.4654221534729004,1.0
61,-955.7006225585938,-0.5061026811599731,-2.0694470405578613,1.6360409259796143,-3.638214349746704,-3.195403814315796,-5.44828462600708,-1.4677884578704834,-5.354672431945801,0.8107601404190063,-2.842839479446411,1.82545804977417,-2.9999477863311768,4.331984519958496,2.201486110687256,-0.8674143552780151,-8.784623146057129,-1.1025582551956177,1.4241595268249512,4.414519786834717,1.9563782215118408,1.618035078048706,-3.523404598236084,-2.6753971576690674,-6.204428195953369,-0.18310734629631042,-4.678114891052246,-0.15464770793914795,-5.123749256134033,1.0978119373321533,-0.020618276670575142,1.4982112646102905,-1.2264981269836426,-1.0206928253173828,-2.030097007751465,0.6262983083724976,-2.3080575466156006,5.029520511627197,-2.1404147148132324,-1.7375154495239258,1.0
62,-826.4000244140625,25.744890213012695,13.050766944885254,12.42827320098877,8.657499313354492,11.801352500915527,1.2155909538269043,2.3945417404174805,0.4552077054977417,0.34919145703315735,-0.9648836851119995,-1.690025806427002,0.2542652487754822,-3.633145332336426,0.35013920068740845,-1.2261961698532104,-1.8294825553894043,-1.4979435205459595,-1.6827279329299927,-1.5020607709884644,-3.262052297592163,-1.862896203994751,-2.8575515747070312,-2.52946138381958,-2.28655743598938,-2.3128459453582764,-2.7834856510162354,-1.9410768747329712,-2.041888952255249,-2.5121493339538574,-1.168944239616394,-2.471297264099121,-1.372053623199463,-1.7293809652328491,-1.8051021099090576,-1.1543538570404053,-1.56740403175354,-1.039089560508728,-1.3725533485412598,-1.1106120347976685,1.0
63,-849.5172119140625,27.87936782836914,16.376707077026367,18.452709197998047,-4.100401878356934,10.500716209411621,-4.336781024932861,-2.468754529953003,-1.0448800325393677,-3.0971410274505615,-4.30406379699707,-1.8256386518478394,-1.1813932657241821,-4.424712657928467,3.044069290161133,-3.160327196121216,-1.4405083656311035,-0.7784976959228516,-2.213383197784424,-0.14099109172821045,-2.863396167755127,-1.7641890048980713,-1.9582836627960205,-1.5957965850830078,-3.3506968021392822,-1.4079335927963257,-2.0619051456451416,-2.694467306137085,-1.2205981016159058,-2.6649208068847656,-1.3826521635055542,-1.452617883682251,-1.2959033250808716,-1.9213535785675049,-0.9190887808799744,-1.5847359895706177,-0.8278003334999084,-0.4208192229270935,-1.5649535655975342,-0.6466465592384338,1.0
64,-829.4849853515625,58.6604118347168,18.976713180541992,25.34511375427246,16.16266441345215,9.253414154052734,1.4812356233596802,-0.8856412172317505,0.25418931245803833,-0.09027862548828125,-2.3179073333740234,-1.2480127811431885,0.02541520819067955,-3.922382116317749,-2.098613977432251,-0.036885716021060944,-3.2809085845947266,-3.105443000793457,-0.8393651843070984,-2.569489002227783,-2.250445604324341,-2.8681061267852783,-3.405940532684326,-2.5737502574920654,-3.403942108154297,-2.716524600982666,-2.9704999923706055,-3.2143020629882812,-2.803673267364502,-2.5874276161193848,-2.6004812717437744,-2.0670738220214844,-2.090374708175659,-2.4069013595581055,-2.0694081783294678,-2.0449323654174805,-1.7011076211929321,-1.690850019454956,-1.4657673835754395,-1.8574111461639404,1.0
65,-821.58056640625,15.345625877380371,10.062765121459961,10.97130012512207,0.8322785496711731,9.049883842468262,-4.7379655838012695,2.097600221633911,-0.09920290112495422,-0.3441210985183716,1.2617383003234863,-1.7624448537826538,1.1892739534378052,-1.557593584060669,0.4661288559436798,-0.6064561009407043,-0.9921184778213501,-1.4223278760910034,-0.1913933902978897,-1.0281274318695068,-2.1509969234466553,-0.5083625316619873,-1.6518890857696533,-0.8077343702316284,-2.3476126194000244,-0.4643891751766205,-1.3825925588607788,-1.5903526544570923,-0.6444396376609802,-1.9963618516921997,-0.6900689005851746,-1.5013313293457031,-0.6768287420272827,-1.1083256006240845,-0.991952657699585,-1.17326819896698,-0.5657163262367249,-1.0069283246994019,-0.9464219212532043,-0.4591882824897766,1.0
66,-784.1866455078125,30.260011672973633,9.748812675476074,11.252740859985352,2.544131278991699,-1.0077286958694458,-3.6563034057617188,1.3343822956085205,-2.0064358711242676,-1.7212543487548828,-1.4621095657348633,-2.461850881576538,-0.4230984151363373,-2.3677732944488525,0.42691051959991455,-1.300673484802246,-1.7726631164550781,-0.9130538702011108,-1.1876264810562134,-1.8857346773147583,-1.784148931503296,-1.3329439163208008,-3.0000107288360596,-1.6329338550567627,-2.6123740673065186,-2.1011900901794434,-1.6383379697799683,-1.9882678985595703,-1.5847244262695312,-1.314241647720337,-0.9580202698707581,-2.5044615268707275,-0.9246282577514648,-0.9474961161613464,-1.5468729734420776,-1.1057459115982056,-1.2962706089019775,-0.8890116214752197,-1.163365125656128,-0.8199329972267151,1.0
67,-826.669921875,38.7193603515625,11.104119300842285,26.16143798828125,13.538201332092285,1.9255564212799072,1.1665918827056885,0.006119126453995705,-1.1145339012145996,-2.9090609550476074,-0.8897739052772522,-1.296458125114441,-3.050175666809082,-1.7131744623184204,-0.7613275647163391,-1.7234950065612793,-2.7269794940948486,-2.466804265975952,-0.9685932993888855,-1.4335113763809204,-3.2679355144500732,-2.391864538192749,-1.9549567699432373,-3.1674644947052,-2.561920642852783,-2.0017640590667725,-2.2589454650878906,-1.500294804573059,-1.566284418106079,-1.4825012683868408,-1.209952712059021,-1.5231207609176636,-1.4438858032226562,-1.7600722312927246,-1.3654427528381348,-1.2680323123931885,-1.3402208089828491,-1.2074216604232788,-1.7256050109863281,-1.3226555585861206,1.0
68,-757.0663452148438,32.023616790771484,10.95881462097168,19.596755981445312,9.855437278747559,10.377046585083008,-0.16929790377616882,2.783578395843506,-2.3119072914123535,-2.3637442588806152,-0.8453408479690552,-2.9961955547332764,-0.5314189195632935,-3.1007907390594482,0.4094427227973938,-1.1773449182510376,-1.2409369945526123,-2.0154366493225098,-1.499800205230713,-0.888934314250946,-3.3918371200561523,-2.0172250270843506,-2.636979818344116,-1.7032290697097778,-2.9501140117645264,-1.824445128440857,-1.804398536682129,-2.143855094909668,-1.3158665895462036,-1.7136880159378052,-0.503180205821991,-1.5764847993850708,-0.8784517645835876,-1.0112087726593018,-0.896029531955719,-1.2022802829742432,-1.0689290761947632,-1.120201587677002,-1.5078186988830566,-1.1615898609161377,1.0
69,-851.9248657226562,33.93675231933594,12.027620315551758,10.825922012329102,6.654665470123291,2.779200553894043,-0.35063207149505615,-0.03994932770729065,-2.806013345718384,-3.002861499786377,-1.7317261695861816,-1.6691052913665771,-1.698575496673584,-1.883905053138733,-1.1842906475067139,-0.9531940221786499,-0.9750105738639832,-2.6459543704986572,-1.1026469469070435,-0.9586761593818665,-2.40816068649292,-1.7016714811325073,-1.415993094444275,-1.7647533416748047,-2.038607597351074,-1.0820765495300293,-1.9046080112457275,-1.4456714391708374,-1.0007017850875854,-1.2790963649749756,-0.9969168901443481,-1.2338192462921143,-0.6253124475479126,-1.2320644855499268,-0.9183417558670044,-0.5544662475585938,-0.8384639024734497,-0.514460563659668,-0.5272535085678101,-0.7899386286735535,1.0
70,-782.5659790039062,33.155818939208984,8.569282531738281,12.81118392944336,12.657992362976074,4.809629440307617,1.9759899377822876,1.3041235208511353,0.23102346062660217,0.15781719982624054,-2.076390504837036,-2.267470598220825,-0.5269222259521484,-1.7583824396133423,-1.9909629821777344,-1.112946629524231,-1.4203412532806396,-2.7528226375579834,-2.113844394683838,-1.9090161323547363,-3.351194381713867,-2.8062307834625244,-2.921190023422241,-3.1867518424987793,-2.715376138687134,-2.8480629920959473,-2.904681921005249,-2.5004186630249023,-2.228935718536377,-2.16566801071167,-1.772780179977417,-1.868264079093933,-1.5350631475448608,-1.3590043783187866,-1.5686488151550293,-1.3183059692382812,-1.5343269109725952,-1.2598639726638794,-1.1353950500488281,-1.4331371784210205,1.0
71,-790.1118774414062,26.949472427368164,1.646409273147583,3.7432303428649902,2.946288824081421,2.186337947845459,0.29181399941444397,-0.529241681098938,-1.5522193908691406,0.1904032826423645,-0.3257707357406616,-1.587337613105774,-0.10423807054758072,-1.6310009956359863,-0.39058971405029297,0.2464631348848343,-0.8115313053131104,-1.7015602588653564,-0.7166896462440491,-0.028321698307991028,-2.1442348957061768,-1.2257884740829468,-0.7816888689994812,-1.6633228063583374,-1.4671554565429688,-1.138153076171875,-1.5074338912963867,-1.432161569595337,-0.7880226969718933,-1.3777652978897095,-0.9891454577445984,-0.8033145666122437,-1.2019131183624268,-0.8671453595161438,-1.0153065919876099,-1.1670339107513428,-0.7217738032341003,-0.6843531131744385,-0.7440719604492188,-0.44199371337890625,1.0
72,-788.0066528320312,19.447134017944336,-1.2060985565185547,9.327184677124023,3.7796707153320312,-1.2742063999176025,0.6753895878791809,0.8785153031349182,-0.6320663690567017,-0.9224703311920166,-1.9491053819656372,-0.5140811800956726,-1.0475996732711792,-0.9899766445159912,0.21601586043834686,-1.2411686182022095,0.3325357735157013,-2.0420353412628174,-1.1287236213684082,0.5268686413764954,-2.1919875144958496,-1.4653141498565674,-0.9229179620742798,-1.6879976987838745,-1.8994114398956299,-1.0242743492126465,-1.9178776741027832,-1.2847342491149902,-0.9110120534896851,-1.740062952041626,-0.7033177614212036,-1.2049851417541504,-1.4705474376678467,-1.1479682922363281,-0.6456398367881775,-1.2196362018585205,-1.0273045301437378,-0.6038357019424438,-1.583260416984558,-0.9204807877540588,1.0
73,-762.8743896484375,40.020084381103516,-4.679698944091797,8.437600135803223,12.303444862365723,-1.8377437591552734,-0.8230323791503906,-0.07332126796245575,-7.0073466300964355,-3.0188119411468506,0.3754660487174988,-2.4883077144622803,-1.4068549871444702,-0.8965330719947815,-0.5727919340133667,0.009998167864978313,-2.2550456523895264,-2.3784773349761963,0.04781157150864601,-1.6998227834701538,-2.841575860977173,-0.7794118523597717,-1.3228286504745483,-2.1999425888061523,-1.5390855073928833,-1.4974420070648193,-2.5600197315216064,-2.030609130859375,-0.9747617244720459,-1.7410473823547363,-1.6152653694152832,-0.8813068270683289,-1.0707428455352783,-1.2672984600067139,-1.0803687572479248,-1.3776333332061768,-1.4215415716171265,-0.9285816550254822,-1.0223640203475952,-0.9103397727012634,1.0
74,-948.1375122070312,0.32295355200767517,-8.440995216369629,2.1588327884674072,-2.1419730186462402,-4.9766740798950195,-6.2074875831604,-1.5532503128051758,-5.494431495666504,2.0164577960968018,-1.7794746160507202,0.755770742893219,-2.977266788482666,4.966577529907227,2.050752639770508,-0.9171146154403687,-8.524224281311035,-0.739251971244812,1.49276864528656,4.607855796813965,2.2215874195098877,1.9746159315109253,-3.2254045009613037,-2.6279282569885254,-6.130847454071045,0.2331567257642746,-4.329466819763184,0.05880587175488472,-4.888861656188965,1.1028228998184204,-0.0399375855922699,1.4966081380844116,-0.9125503301620483,-0.8383923768997192,-2.010874032974243,0.30562952160835266,-2.01495623588562,5.3992204666137695,-2.100381851196289,-1.7347615957260132,1.0
75,-753.6441040039062,23.713109970092773,-0.4418012201786041,3.922200918197632,1.1977159976959229,-0.6104468703269958,-0.24038808047771454,-0.35949796438217163,-1.243227481842041,1.2126013040542603,-2.1416702270507812,-0.8977387547492981,0.7997003197669983,-1.9121013879776,0.1810106486082077,-0.646336019039154,-0.26855069398880005,-1.8505297899246216,-0.4302087724208832,-0.7158052921295166,-2.6308753490448,-0.50099778175354,-1.8142077922821045,-0.924556314945221,-1.6952401399612427,-1.2290410995483398,-0.8605677485466003,-1.3232321739196777,-0.4252234697341919,-1.5501378774642944,-0.42061108350753784,-1.0073144435882568,-1.2264277935028076,-1.0073953866958618,-1.2118791341781616,-0.9513235092163086,-1.2321127653121948,-0.47604113817214966,-0.832064688205719,-0.6233177781105042,1.0
76,-854.918212890625,14.383759498596191,-5.323227405548096,6.0145792961120605,3.9978840351104736,-1.990093469619751,-2.8297126293182373,2.229843854904175,-3.6136207580566406,-0.21725520491600037,-0.0024275523610413074,-1.2803148031234741,0.542756974697113,-1.5908304452896118,0.7898401618003845,-0.1784810572862625,-0.3372752368450165,-0.9495318531990051,0.326796293258667,-0.18506361544132233,-0.9751313924789429,-0.04780977591872215,-1.1479954719543457,0.055769648402929306,-1.207544207572937,-0.42596161365509033,-0.3952028453350067,-0.7691376805305481,-0.8081440925598145,-0.7936419248580933,0.0504019595682621,-1.0179219245910645,-0.027563022449612617,-0.493804395198822,-0.31120559573173523,-0.4073794186115265,-0.2752518653869629,-0.4789715111255646,-0.6076766848564148,-0.10726681351661682,1.0
77,-755.709716796875,5.652406215667725,0.28669434785842896,5.517484188079834,-1.9173564910888672,2.968829393386841,-2.757145404815674,-0.22591142356395721,-0.46635428071022034,-0.8438736796379089,0.3432307243347168,-1.5035873651504517,-0.1364605575799942,-0.5279458165168762,0.5389770865440369,-0.6373315453529358,-0.49978333711624146,-0.34690675139427185,-0.017558017745614052,-0.5792703628540039,-0.7928591370582581,-0.266867995262146,-1.131486177444458,-0.045636530965566635,-0.8674991726875305,-0.4091855585575104,-0.40540841221809387,-0.44959184527397156,-0.13290631771087646,-0.5013369917869568,-0.28269055485725403,-0.34698715806007385,-0.12353050708770752,-0.5839762687683105,0.053088922053575516,-0.6438709497451782,-0.09843321889638901,-0.11895831674337387,-0.5605726838111877,0.10463421046733856,1.0
78,-705.2176513671875,18.88071060180664,-0.9292292594909668,8.427631378173828,0.40794244408607483,3.7033917903900146,-1.3666341304779053,-0.37180593609809875,-2.6791837215423584,-1.127357006072998,0.32324641942977905,-1.8996902704238892,-0.17317360639572144,-1.4921362400054932,-0.810463011264801,0.6228553056716919,-1.1170990467071533,-3.200871467590332,1.0561342239379883,-2.0626144409179688,-2.2955541610717773,-1.4047635793685913,-3.0986416339874268,-1.3348428010940552,-2.6205742359161377,-0.36725226044654846,-2.2950692176818848,-1.3328956365585327,-1.2206310033798218,-2.206289529800415,-0.23973965644836426,-1.923242449760437,-1.0438048839569092,-1.3013120889663696,-0.9363153576850891,-1.1670968532562256,-0.8592057824134827,-0.8337703943252563,-1.1946371793746948,-0.823360025882721,1.0
79,-771.4003295898438,21.424327850341797,4.196492671966553,3.9922068119049072,3.489893913269043,0.6667664647102356,-1.5947924852371216,-0.8585699796676636,-1.7731304168701172,-1.8286643028259277,-1.4434584379196167,-0.0853269100189209,-0.48836249113082886,-1.4310376644134521,0.7403143048286438,-0.006405544467270374,-1.063847303390503,-0.969025194644928,0.13830284774303436,-1.0327143669128418,-1.6351732015609741,-0.40937039256095886,-1.2995409965515137,-0.594291627407074,-1.2966456413269043,-1.4162949323654175,-0.6685875654220581,-1.1863856315612793,-1.0017181634902954,-0.9229838252067566,-0.6630909442901611,-1.0146597623825073,-0.813654899597168,-0.9059882164001465,-1.0796849727630615,-0.5444457530975342,-0.7074139714241028,-0.7421949505805969,-0.6099724769592285,-0.6422473788261414,1.0
80,-810.8604736328125,18.483383178710938,4.234288215637207,6.242552757263184,4.254705429077148,2.7964870929718018,-4.971286296844482,-1.0921419858932495,-4.127370834350586,-1.0794328451156616,-1.9573619365692139,-2.1932992935180664,1.151469349861145,-3.2098350524902344,0.47765594720840454,-0.42634308338165283,-1.479797124862671,-1.1686002016067505,-1.061582326889038,-1.519869089126587,-2.437565803527832,-0.9888629913330078,-2.301438093185425,-1.4808317422866821,-1.552584171295166,-1.721503734588623,-1.1262791156768799,-1.5276395082473755,-1.4365222454071045,-0.9580814242362976,-1.0251686573028564,-1.092129111289978,-0.6029755473136902,-1.0417187213897705,-0.5354695320129395,-0.8775864839553833,-0.716431736946106,-0.6197165846824646,-0.8140313029289246,-0.7623345851898193,1.0
81,-898.0789794921875,29.062477111816406,0.9293225407600403,12.32994270324707,6.78283166885376,-1.9129326343536377,0.371947318315506,-2.7401583194732666,-5.2773284912109375,-1.0438203811645508,-2.6229519844055176,-1.2673593759536743,0.6600804328918457,-2.480842113494873,-1.2174005508422852,0.08113400638103485,-3.5045642852783203,-3.365783452987671,1.020224690437317,0.24301151931285858,-1.3085534572601318,-1.4346340894699097,-2.419163465499878,-2.356252670288086,-2.135155200958252,-2.534186601638794,-3.021451711654663,-1.7474013566970825,-2.01996111869812,-1.4370405673980713,-0.5854066610336304,-0.30979129672050476,0.057796597480773926,-1.1102583408355713,-1.2388941049575806,-1.6961464881896973,-0.6846463084220886,0.550437331199646,-0.7083401679992676,-1.3807411193847656,1.0
82,-707.2841186523438,61.22580337524414,-6.699814796447754,29.594972610473633,8.780506134033203,4.231076717376709,-4.892230987548828,1.7980562448501587,-9.55078125,2.392029285430908,-3.5118041038513184,-3.3610939979553223,0.202106773853302,-6.611278533935547,4.7331929206848145,-4.309300422668457,-3.4201736450195312,-4.642768859863281,0.8602272868156433,-2.94819712638855,-7.781804084777832,-0.6578350067138672,-4.708734512329102,-2.1462697982788086,-5.373654365539551,-1.2908798456192017,-2.2721800804138184,-2.180907726287842,-2.2431366443634033,-3.729773998260498,-1.871574878692627,-3.854630470275879,-1.1653043031692505,-4.18766975402832,-1.0374324321746826,-3.2498157024383545,-1.4048938751220703,-2.4835236072540283,-3.2580628395080566,-1.542333722114563,1.0
83,-810.3818359375,29.388145446777344,7.590660572052002,8.702004432678223,1.8738583326339722,6.006509780883789,-1.1345264911651611,0.5566332936286926,-1.339256763458252,-2.745595693588257,-0.30479395389556885,-1.4264389276504517,-0.18204949796199799,-2.047719717025757,0.19254374504089355,0.7808206677436829,-2.0548670291900635,-1.786766767501831,0.811030924320221,-1.5440081357955933,-2.1347618103027344,-0.9360533356666565,-2.1740479469299316,-0.8732201457023621,-2.2375690937042236,-1.1717768907546997,-1.2168227434158325,-1.6113686561584473,-0.5497288107872009,-1.6057090759277344,-0.8775875568389893,-1.2849470376968384,-1.2431354522705078,-0.8457986116409302,-1.020020842552185,-1.0119203329086304,-0.812905490398407,-1.0049536228179932,-1.0746515989303589,-1.027268886566162,1.0
84,-799.4019165039062,-0.45769041776657104,-0.4841586649417877,12.45795726776123,-13.777833938598633,18.305463790893555,-13.414806365966797,3.103975296020508,-4.909371376037598,-1.489349126815796,2.3393337726593018,-5.4532856941223145,3.127964735031128,-5.226953029632568,3.990521192550659,-1.3760586977005005,0.1380787193775177,-1.6545069217681885,-0.12602199614048004,0.5673909187316895,-3.4794373512268066,1.283430814743042,-3.3106131553649902,0.5258535742759705,-2.1769118309020996,0.12288115918636322,-0.4770262539386749,-0.9973911046981812,0.3443338871002197,-2.1966631412506104,0.5915918350219727,-1.9748491048812866,-0.24132774770259857,-1.588777780532837,-0.38246652483940125,-1.1292076110839844,-0.6844149231910706,-1.0275521278381348,-0.9131812453269958,-0.3365008234977722,1.0
85,-872.158447265625,22.82706642150879,7.379899024963379,10.029385566711426,-3.2069082260131836,11.53180980682373,-10.757554054260254,3.672329902648926,-6.570051670074463,-0.9536793231964111,3.204011917114258,-3.2027859687805176,2.4828104972839355,-3.9829978942871094,1.6987143754959106,-1.297803521156311,-1.2806763648986816,-2.430626630783081,0.7759187817573547,0.039851114153862,-2.56075382232666,0.3377651572227478,-4.02157735824585,-0.7236047387123108,-3.226048707962036,-1.427056074142456,-2.016216516494751,-1.8071768283843994,-0.8182007670402527,-2.243109703063965,0.27487727999687195,-1.5578409433364868,0.2284294068813324,-1.513824462890625,-0.7208507657051086,-1.732972502708435,-0.6103229522705078,-0.3935944736003876,-1.0127222537994385,-0.9743393659591675,1.0
86,-832.1503295898438,25.765531539916992,7.1024041175842285,11.159466743469238,3.74761962890625,4.762277126312256,2.3190805912017822,0.2658033072948456,-0.3905014991760254,-0.25812190771102905,-1.1194729804992676,0.005179078783839941,0.3711107075214386,-1.445682168006897,0.40013620257377625,-0.34606051445007324,-0.7301872968673706,-1.8408806324005127,-0.7248755693435669,-1.1018693447113037,-2.056874990463257,-1.0768318176269531,-2.6592800617218018,-1.2595703601837158,-1.5844699144363403,-2.235154390335083,-1.4401153326034546,-1.6262222528457642,-1.841039776802063,-1.6875756978988647,-1.5113118886947632,-1.8665993213653564,-1.2401453256607056,-1.5467135906219482,-1.5237280130386353,-1.4525258541107178,-1.4128252267837524,-1.3809618949890137,-1.6966150999069214,-1.4943920373916626,1.0
87,-817.5465087890625,15.628328323364258,-8.456670761108398,5.309413909912109,4.136990547180176,-1.9687979221343994,-3.999105215072632,0.452993243932724,-3.245029926300049,-0.8831650018692017,-0.4626863896846771,-1.7904059886932373,1.2011592388153076,-1.7326287031173706,0.49617427587509155,0.0599033497273922,-0.48331713676452637,-0.12240242213010788,-0.176478311419487,0.12062793225049973,-1.046860694885254,-0.34086400270462036,-0.7295948266983032,-0.18288089334964752,-0.9709863066673279,-0.7093296647071838,-0.06382378935813904,-0.5901042222976685,-0.20341676473617554,-0.5426626205444336,-0.2059216946363449,-0.36542415618896484,-0.24418561160564423,-0.42904800176620483,-0.4761570394039154,-0.19574305415153503,-0.5116004943847656,-0.4778645932674408,-0.4231050908565521,-0.4009137749671936,1.0
88,-850.4614868164062,30.96710205078125,2.2569546699523926,12.043357849121094,9.828960418701172,2.9994516372680664,1.6480085849761963,0.5904625654220581,-4.150197982788086,-0.022125331684947014,-1.4606750011444092,-1.3436845541000366,-2.0807855129241943,-2.543694019317627,-0.8966572880744934,-2.588543653488159,-1.3689539432525635,-3.6357107162475586,-1.7896595001220703,-1.5872911214828491,-3.085200786590576,-2.268582344055176,-2.5387747287750244,-1.5710283517837524,-2.699115514755249,-1.6476786136627197,-2.2123324871063232,-1.408311128616333,-1.2680906057357788,-1.7826119661331177,-0.5375853180885315,-1.1536108255386353,-0.20368506014347076,-0.9774606823921204,-0.3025348484516144,-0.911596417427063,-0.7938164472579956,-0.7272879481315613,-0.8620563745498657,-0.5781404972076416,1.0
89,-908.718505859375,33.69845962524414,15.667268753051758,19.44477081298828,8.353323936462402,7.316433906555176,3.782907485961914,0.7161309123039246,-5.237847328186035,1.3626675605773926,-3.600693941116333,-1.3632920980453491,-1.5290663242340088,-1.3059009313583374,0.01147730927914381,-1.3913798332214355,-6.40957498550415,-3.4942574501037598,0.1389351487159729,0.35829490423202515,-1.372372031211853,-0.419973224401474,-4.870489597320557,-3.927807092666626,-5.718717098236084,-3.3673348426818848,-4.916502952575684,-2.785032272338867,-4.8696675300598145,-1.1711357831954956,-1.1719868183135986,-0.9935814738273621,-1.5548056364059448,-2.463085412979126,-2.391150951385498,-1.772099256515503,-2.7933871746063232,1.199142575263977,-2.449674606323242,-2.308880567550659,1.0
90,-689.429931640625,83.13731384277344,-4.893423080444336,34.08034133911133,12.696428298950195,-12.633901596069336,-3.901426315307617,-5.293184757232666,-9.334510803222656,-9.56757926940918,-11.800860404968262,1.2778546810150146,-2.065176010131836,-11.47077465057373,1.7790086269378662,-1.3320876359939575,-8.712850570678711,-5.774718284606934,-1.1743931770324707,-4.745972633361816,-7.539699077606201,-2.3268160820007324,-4.226688385009766,-5.2953009605407715,-3.608159303665161,-2.80318546295166,-4.177401542663574,-2.844280242919922,-1.963327169418335,-3.802422523498535,-1.9717884063720703,-2.048008918762207,-2.307203769683838,-1.5643949508666992,-1.2750680446624756,-1.7963441610336304,-1.3644137382507324,-1.1067267656326294,-1.7315593957901,-1.9151290655136108,1.0
91,-941.1304931640625,18.457822799682617,14.18540096282959,15.348559379577637,7.540133476257324,5.4247846603393555,0.4240562915802002,2.199206590652466,-2.914116382598877,1.3749310970306396,-2.846914291381836,0.940070629119873,-3.4692203998565674,2.9371178150177,0.4467785656452179,-1.2532522678375244,-8.126410484313965,-1.6903340816497803,-0.7196169495582581,2.503931999206543,-0.2595934271812439,0.13028229773044586,-4.534613609313965,-3.2110841274261475,-6.626931667327881,-1.4081329107284546,-5.520786762237549,-1.276573657989502,-5.885148525238037,-0.528517484664917,-2.1190004348754883,-0.3216326832771301,-2.9633004665374756,-1.829110860824585,-3.2959933280944824,-0.8278387188911438,-3.5904972553253174,2.8401455879211426,-3.1269478797912598,-2.3569564819335938,1.0
92,-859.0248413085938,25.156824111938477,2.4919888973236084,15.749823570251465,6.485971450805664,4.587405681610107,4.024796009063721,4.29111909866333,-4.48007869720459,0.0833248719573021,-2.1680893898010254,-1.724324345588684,1.5939500331878662,-2.4720098972320557,0.39445167779922485,-0.9078977704048157,0.5101205706596375,-2.3768818378448486,-0.6034197211265564,0.2731338441371918,-3.7812790870666504,-0.3879357576370239,-1.6821800470352173,-2.0321106910705566,-1.9781465530395508,-1.6800682544708252,-2.319408655166626,-1.6351830959320068,-1.0593576431274414,-2.0305988788604736,-0.7831923365592957,-1.4616349935531616,-1.1878880262374878,-1.6690677404403687,-1.2315417528152466,-1.9816683530807495,-1.0939273834228516,-1.2922241687774658,-1.1786770820617676,-0.7830223441123962,1.0
93,-847.8552856445312,15.79973316192627,-4.442052841186523,6.54147481918335,3.0700695514678955,2.7713773250579834,-5.418684005737305,2.286374568939209,-6.385735511779785,-0.6898788213729858,0.1350776106119156,-3.4287967681884766,1.8729995489120483,-4.458847999572754,2.067983865737915,1.0250542163848877,-2.6964011192321777,-1.2642422914505005,0.7026031613349915,-0.6299950480461121,-3.335832357406616,0.04842878505587578,-2.4930360317230225,-1.7252042293548584,-0.8779585361480713,-1.3492335081100464,-1.136926531791687,-1.1534674167633057,-0.2735379636287689,-0.5161488652229309,-0.4400906562805176,-1.1403006315231323,-0.4211127460002899,-1.0883151292800903,-0.7361106872558594,-0.9480375647544861,-0.972690999507904,-0.6611282229423523,-0.7329713106155396,-0.5616427063941956,1.0
94,-822.35302734375,21.22819709777832,-1.8519068956375122,3.389482259750366,3.5119965076446533,-0.4912900924682617,-2.3883719444274902,-0.23540595173835754,-4.220367908477783,0.19929930567741394,-1.0607937574386597,-2.6878771781921387,1.261789321899414,-2.2986085414886475,-0.3835394084453583,0.852785587310791,-1.2394038438796997,-1.530910611152649,0.6885717511177063,-0.28575408458709717,-1.563918113708496,-0.16458255052566528,-1.5075775384902954,-0.9821766018867493,-0.9078388214111328,-1.0846359729766846,-1.1572209596633911,-0.9382064938545227,-0.9547341465950012,-1.1426725387573242,-0.5460535883903503,-0.9655972719192505,-0.44255542755126953,-0.6999439001083374,-0.6207709312438965,-0.45841386914253235,-0.607550323009491,-0.5396077632904053,-0.3900962471961975,-0.32484665513038635,1.0
95,-859.3615112304688,28.546472549438477,2.459669828414917,5.506303787231445,6.162544250488281,1.5843867063522339,1.6880909204483032,-0.27370357513427734,-3.3776135444641113,0.4646812975406647,-0.8713539838790894,-1.3949835300445557,0.8701264262199402,-0.29473942518234253,-0.543204128742218,0.8559268116950989,0.21174544095993042,-2.357012987136841,-0.2949671149253845,-0.7844310998916626,-2.3531527519226074,-1.1410783529281616,-1.8361828327178955,-2.0019595623016357,-1.6721224784851074,-1.9722942113876343,-2.4781434535980225,-1.8457612991333008,-1.9021449089050293,-1.6357529163360596,-1.4582256078720093,-1.760440468788147,-1.2996619939804077,-1.6148885488510132,-1.489829182624817,-1.8672480583190918,-1.6308562755584717,-1.4755566120147705,-1.1613727807998657,-1.108630895614624,1.0
96,-793.31201171875,20.000774383544922,0.5565609335899353,13.375593185424805,1.2710360288619995,1.9661945104599,-0.26003938913345337,4.955959320068359,-6.08248233795166,0.9973069429397583,-3.1509878635406494,-3.174563407897949,2.214946985244751,-4.791248321533203,0.8573921322822571,-2.029855966567993,-1.28072988986969,-1.7821671962738037,-0.23167581856250763,-1.8613091707229614,-2.261086940765381,-0.3180394470691681,-3.4079463481903076,-0.45139583945274353,-2.86128830909729,-0.9599503874778748,-2.2253267765045166,-1.6702473163604736,-1.6148508787155151,-2.0631983280181885,-0.7668984532356262,-2.497286558151245,0.1280747503042221,-2.4500503540039062,-0.4418165385723114,-1.439797043800354,-0.9497080445289612,-0.6138495206832886,-1.4875199794769287,-0.45066210627555847,1.0
97,-782.9827880859375,13.523183822631836,7.261089324951172,12.047223091125488,0.13018916547298431,7.848413944244385,-3.8665473461151123,2.315462827682495,-1.1611268520355225,-0.7112250924110413,-0.6181414127349854,-1.6302475929260254,1.5036147832870483,-3.3586323261260986,0.4578106105327606,-0.7470711469650269,-0.14163336157798767,-1.5548605918884277,-0.9403685331344604,0.7658863067626953,-2.4006688594818115,-0.8283947110176086,-1.2814439535140991,-1.4033502340316772,-1.8005250692367554,-0.8104557991027832,-1.7586008310317993,-1.1088544130325317,-0.7652678489685059,-1.5428231954574585,-0.35303443670272827,-1.279091715812683,-0.478809118270874,-1.252181053161621,-0.34304144978523254,-1.1580804586410522,-0.7014591097831726,-0.6341062188148499,-1.1119168996810913,-0.476088285446167,1.0
98,-840.96923828125,19.140602111816406,-13.03573226928711,3.3194596767425537,2.3943076133728027,-1.2341524362564087,-1.601205825805664,-0.7365727424621582,-1.328050136566162,0.5581741333007812,1.543229341506958,-0.6283509731292725,0.06732383370399475,-0.6980495452880859,0.384746253490448,0.3421304523944855,-1.9131766557693481,-0.1497625857591629,1.2948304414749146,-1.4770110845565796,-1.1256978511810303,0.007732604164630175,-1.037725567817688,-0.7230110764503479,-1.2945791482925415,-0.9976553320884705,-0.39342692494392395,-0.6987987756729126,-0.869335949420929,-0.6921464800834656,-1.0703356266021729,-1.257757544517517,-0.4551754593849182,-0.6544908285140991,-0.8188614249229431,-0.9744386076927185,-0.7306185960769653,-0.37694475054740906,-0.5400837063789368,-0.41262564063072205,1.0
99,-794.8505859375,26.238521575927734,6.7167863845825195,11.785534858703613,-3.6414475440979004,2.7026009559631348,-1.518585205078125,2.656177043914795,-3.19514536857605,2.0912058353424072,-1.8594162464141846,-1.6814117431640625,2.327169418334961,-6.785569667816162,3.2225303649902344,-0.48536089062690735,-1.841472864151001,-1.0278898477554321,-0.5966039299964905,-0.3249029517173767,-3.5525262355804443,0.34311535954475403,-3.2237823009490967,-1.1147840023040771,-1.7855161428451538,-2.262253999710083,-0.83890700340271,-2.3055291175842285,-1.2583017349243164,-1.6504772901535034,-0.9455030560493469,-1.9227491617202759,-0.7479104995727539,-1.3230607509613037,-1.1663298606872559,-0.9464801549911499,-1.6842937469482422,-1.0317031145095825,-1.4840623140335083,-1.124989628791809,1.0
100,-852.3408813476562,15.070232391357422,-0.5984386801719666,4.454819679260254,2.3597352504730225,2.328981876373291,-1.464746356010437,0.951761782169342,-2.450610876083374,0.26741859316825867,-0.6844442486763,-1.7118417024612427,1.4317106008529663,-2.315246820449829,-0.17565107345581055,0.5987318754196167,-0.6059072613716125,-1.7315914630889893,0.3037083148956299,-0.5265700221061707,-1.8808727264404297,-0.24756480753421783,-1.6542079448699951,-0.5138856768608093,-1.0562777519226074,-0.7761669158935547,-0.6398783922195435,-0.7858415842056274,-0.5158751010894775,-0.825369119644165,-0.3689587414264679,-1.0106433629989624,-0.5895150899887085,-0.8121277093887329,-0.7162127494812012,-1.092124581336975,-0.7877833247184753,-0.6702537536621094,-0.7407549619674683,-0.32230493426322937,1.0
101,-954.5305786132812,-2.6078500747680664,-1.7857738733291626,1.272685170173645,-5.0657243728637695,-2.547673225402832,-7.243273735046387,-0.5093779563903809,-5.763533115386963,1.1007634401321411,-1.9620769023895264,1.209985613822937,-1.992368221282959,4.261545658111572,2.695948839187622,-0.9398000240325928,-9.087355613708496,-1.156368374824524,1.3011974096298218,4.639593601226807,2.328617572784424,2.3275740146636963,-3.289717674255371,-1.9994032382965088,-5.9295830726623535,0.49251604080200195,-4.563045501708984,-0.14765094220638275,-5.1148295402526855,0.9229902029037476,0.2402011752128601,1.4077792167663574,-0.9561742544174194,-1.2597205638885498,-1.979605793952942,0.511608898639679,-2.2705435752868652,5.256250858306885,-2.3209478855133057,-1.7799769639968872,1.0
102,-902.1972045898438,19.615869522094727,4.819199562072754,36.062965393066406,9.527960777282715,1.6414897441864014,3.7853782176971436,6.467370986938477,-2.9495558738708496,2.420116901397705,-0.13886764645576477,0.4733293354511261,0.5664418935775757,0.6217586994171143,-1.1195037364959717,-0.2729932367801666,-7.304103374481201,-3.7084312438964844,-0.6900267004966736,0.6868932843208313,-2.311661958694458,0.2913747727870941,-4.693610191345215,-4.157792568206787,-5.9307074546813965,-2.384629964828491,-5.625058174133301,-1.7438511848449707,-4.5845184326171875,-1.543618083000183,-1.9960864782333374,-0.10820901393890381,-2.7713961601257324,-2.627610921859741,-2.7704391479492188,-1.0879825353622437,-2.741107702255249,2.492431879043579,-2.706928253173828,-2.4062514305114746,1.0
103,-829.0370483398438,17.507049560546875,4.814223289489746,3.1387507915496826,0.6421216130256653,2.98587965965271,0.4335336685180664,-0.42409759759902954,-1.37613046169281,0.03053255006670952,-1.8186476230621338,0.015689073130488396,0.3806442618370056,-2.1645584106445312,1.4151430130004883,-0.494717538356781,-0.12066018581390381,-0.5229460597038269,-0.760636568069458,0.09029850363731384,-1.3418539762496948,-0.2095073163509369,-1.0250626802444458,-0.6033387184143066,-0.5175031423568726,-0.7243268489837646,-0.3426174521446228,-0.7873059511184692,-0.5962378978729248,-0.5330068469047546,-0.6211932897567749,-0.708129346370697,-0.32284098863601685,-0.7147440314292908,-0.62567138671875,-0.496910035610199,-0.5202555656433105,-0.4636690616607666,-0.3870904743671417,-0.12859033048152924,1.0
104,-744.093505859375,21.248411178588867,-6.531970024108887,4.436675548553467,3.978888511657715,-2.530320644378662,-0.6483351588249207,0.2097708135843277,-2.6018996238708496,0.3055700361728668,-0.8520845770835876,-0.3166859447956085,0.6244546175003052,-2.0062639713287354,0.7499565482139587,0.8130791783332825,-1.2605189085006714,-1.1528913974761963,0.2172917276620865,-1.1925872564315796,-1.20526123046875,-0.7772555947303772,-1.574731707572937,-0.41465267539024353,-1.2114704847335815,-0.7112102508544922,-0.7859963178634644,-0.6792713403701782,-0.5148320198059082,-1.0211161375045776,-0.2187444269657135,-0.7300500273704529,-0.6353397965431213,-0.4267565906047821,-0.48577871918678284,-0.6117656826972961,-0.5381137132644653,-0.599661111831665,-0.7836882472038269,-0.6463335752487183,1.0
105,-847.4620971679688,17.99169921875,-7.7684783935546875,4.397308826446533,3.7166800498962402,0.051113467663526535,-1.422082781791687,-0.7055177092552185,-2.4772226810455322,-1.977639079093933,1.314886450767517,-0.587752640247345,-0.4399511516094208,-0.5540045499801636,0.14639772474765778,1.0933279991149902,-1.2182211875915527,-0.8673685789108276,0.1537359356880188,-0.49521109461784363,-0.8828071355819702,-1.2993217706680298,-0.37930044531822205,-0.5964871644973755,-1.3135929107666016,-0.09064250439405441,-0.6287946105003357,-0.7653324007987976,-0.3552829921245575,-0.5397539734840393,-0.27237528562545776,-0.8048334717750549,-0.34302040934562683,-0.4178612530231476,-0.8737386465072632,-0.37574049830436707,-0.5913751125335693,-0.4164109528064728,-0.40512293577194214,-0.5775266289710999,1.0
106,-820.0703125,15.929546356201172,-2.5719268321990967,6.257616996765137,-0.23513388633728027,-2.1364476680755615,0.056147266179323196,1.887223482131958,-1.1185466051101685,-2.0984764099121094,-0.4425509572029114,-0.0068874359130859375,0.7149219512939453,-1.7062513828277588,0.3490881621837616,0.6758283972740173,-0.970873236656189,0.7224093079566956,-0.04892842099070549,-1.153956651687622,-0.042581867426633835,-0.6009194254875183,-1.2690238952636719,0.16173507273197174,-0.9506483674049377,-1.2934986352920532,-0.22023224830627441,-0.6559070348739624,-0.87754887342453,-0.5710431337356567,-0.5522101521492004,-1.0603017807006836,-0.30570173263549805,-0.1687871515750885,-0.44764548540115356,-0.5521008968353271,-0.5993317365646362,-0.2050369828939438,-0.6914224624633789,-0.4431162476539612,1.0
107,-813.8974609375,22.1953067779541,-4.017025470733643,4.9090352058410645,3.1902084350585938,-1.6748201847076416,1.0822465419769287,-0.8414120078086853,-2.1891722679138184,-0.6221837401390076,-0.8447812795639038,-0.32189038395881653,-0.6994600296020508,-0.8836402297019958,-0.12312598526477814,-0.3090662956237793,0.29728177189826965,-0.4023433029651642,-0.9441896677017212,-0.3412538170814514,-0.2574421167373657,-0.8802595138549805,-1.2415218353271484,-0.910296618938446,-1.0495351552963257,-0.9951457977294922,-0.8658856749534607,-0.9422555565834045,-1.1368504762649536,-0.6214655041694641,-0.7719678282737732,-1.0901051759719849,-0.4632794260978699,-0.6336381435394287,-0.545950174331665,-0.5596174597740173,-0.4560976028442383,-0.4287542998790741,-0.5053039789199829,-0.44774726033210754,1.0
108,-956.1292724609375,-1.1247822046279907,-3.069533109664917,1.3641465902328491,-4.270477771759033,-4.13145637512207,-5.2862548828125,-1.9647327661514282,-5.017961502075195,1.4020346403121948,-2.851439952850342,1.8392411470413208,-2.7563655376434326,4.573705196380615,2.864089250564575,-0.7408021092414856,-9.423311233520508,-0.9097246527671814,1.858850121498108,4.737163066864014,2.6784586906433105,2.011461019515991,-3.4235713481903076,-2.460660219192505,-6.0541863441467285,0.18414580821990967,-4.463789463043213,-0.1620260626077652,-5.288990020751953,1.4093551635742188,0.18154358863830566,1.5845286846160889,-0.9458687901496887,-1.2895241975784302,-2.1112122535705566,0.5416322946548462,-2.3191378116607666,5.3409929275512695,-2.269941568374634,-1.980360507965088,1.0
109,-805.4623413085938,18.574214935302734,-9.159549713134766,8.669320106506348,5.840557098388672,-3.319800853729248,-1.411049246788025,0.42244216799736023,-1.446651816368103,-0.07260672003030777,-0.7397593855857849,-1.982471227645874,-0.16373056173324585,-0.5302610397338867,0.3740622103214264,0.2667660713195801,-1.2633395195007324,-0.4469091296195984,0.7765282988548279,-1.1336405277252197,-1.4192323684692383,-0.14170309901237488,-1.0318145751953125,-1.0714575052261353,-0.8255904316902161,-0.9216415286064148,-1.2232170104980469,-0.7429065704345703,-0.7586427330970764,-1.116503357887268,-0.9455553889274597,-0.710357129573822,-0.14871034026145935,-0.5571773648262024,-0.5706882476806641,-0.37984806299209595,-0.2549622058868408,-0.5851714015007019,-0.6210155487060547,-0.32973527908325195,1.0
110,-912.868408203125,14.082469940185547,-6.725705623626709,9.887069702148438,-5.204256534576416,-3.120173692703247,-1.4925696849822998,0.15339802205562592,-3.936739683151245,0.758095920085907,-2.766950845718384,0.9906542301177979,-0.8265156745910645,1.9437657594680786,3.1542532444000244,-1.9007152318954468,-7.390903472900391,-1.1878502368927002,0.8581415414810181,2.0520901679992676,0.6666037440299988,0.1919422447681427,-3.9950778484344482,-3.318981409072876,-6.296229362487793,-1.1965980529785156,-4.299906253814697,-2.0343527793884277,-5.017963409423828,-1.0345593690872192,-0.6930091381072998,-0.4009343683719635,-1.669142484664917,-2.344404935836792,-2.1184799671173096,-0.8689007759094238,-2.0423874855041504,3.4045944213867188,-2.359267234802246,-2.2506656646728516,1.0
111,-827.9226684570312,27.056137084960938,7.71722412109375,5.267767429351807,2.401123046875,4.84596061706543,-2.940258502960205,1.3651849031448364,-3.620736837387085,2.0232632160186768,-0.49802979826927185,0.01371917687356472,-0.14244015514850616,-3.2301571369171143,2.7104926109313965,-1.6745166778564453,-0.6005178689956665,-1.3741528987884521,-0.42197704315185547,-0.7350193858146667,-1.935542106628418,-1.0851556062698364,-2.3682708740234375,-0.7621481418609619,-2.5875203609466553,-0.8926330208778381,-1.463828682899475,-0.6426775455474854,-1.2466946840286255,-1.486294150352478,-0.9347674250602722,-2.1114161014556885,-0.22331751883029938,-2.0219671726226807,-0.2611265778541565,-1.2822914123535156,-0.26061728596687317,-0.9933614730834961,-0.8900361657142639,-0.6587693691253662,1.0
112,-819.1386108398438,33.69806671142578,4.661841869354248,10.029828071594238,9.650790214538574,2.5762064456939697,0.05015639588236809,1.0116462707519531,-0.9676498174667358,-2.6988608837127686,-1.9245179891586304,-0.5500673651695251,-0.7999727725982666,-2.0141818523406982,0.4358932673931122,0.5440495610237122,-1.90043044090271,-1.3187845945358276,-0.4075610935688019,-1.7636336088180542,-2.088869571685791,-1.3293302059173584,-1.2796669006347656,-1.5446079969406128,-2.079550266265869,-1.252875566482544,-1.2650078535079956,-1.8794289827346802,-1.3764162063598633,-1.0897588729858398,-1.330367088317871,-1.5150429010391235,-0.9821445345878601,-1.156356930732727,-1.2783268690109253,-1.0714447498321533,-1.035060167312622,-0.7851148247718811,-0.9298409223556519,-1.027367353439331,1.0
113,-865.7699584960938,16.53788948059082,-1.9339632987976074,6.598931789398193,0.7000010013580322,-0.8112107515335083,-0.18340201675891876,1.4157428741455078,-2.287344455718994,-0.028251413255929947,-0.5580865740776062,-0.3238320052623749,-0.2181900441646576,-1.7153871059417725,1.7078025341033936,-0.40792492032051086,-0.26955413818359375,-0.16819962859153748,-0.20066165924072266,-0.26005056500434875,-1.2085434198379517,-0.5116050243377686,-1.077154278755188,-0.4341784417629242,-1.0242624282836914,-1.0265824794769287,-0.786312997341156,-0.8686676025390625,-0.8444430232048035,-0.36545029282569885,-0.6987573504447937,-1.1626932621002197,-0.27727967500686646,-1.133500337600708,-0.6335060596466064,-0.8804534077644348,-0.5162432789802551,-0.3877040445804596,-0.6353500485420227,-0.460257887840271,1.0
114,-847.787109375,27.889732360839844,5.01242208480835,14.144220352172852,4.7988481521606445,4.678117752075195,5.0547661781311035,1.1615737676620483,-0.12115982919931412,1.4165070056915283,-0.08042933791875839,-0.4164961576461792,0.4302530288696289,-2.5920772552490234,0.4572239816188812,0.09061174839735031,-1.6391597986221313,-0.5961908102035522,-0.7586730718612671,-1.0327212810516357,-2.2839789390563965,-1.642345905303955,-2.0015971660614014,-2.102902412414551,-2.1641178131103516,-2.4068350791931152,-1.9145563840866089,-2.619602680206299,-1.8831160068511963,-1.4796050786972046,-2.1734001636505127,-1.875841736793518,-1.1063984632492065,-1.8000389337539673,-1.7886366844177246,-0.8696004152297974,-1.6816372871398926,-1.0145190954208374,-0.7249457836151123,-1.4098011255264282,1.0
115,-914.9615478515625,10.542135238647461,-5.387186527252197,8.71316909790039,-6.241011142730713,0.04482298716902733,-5.763020038604736,-1.1852525472640991,-3.2990424633026123,-1.666461706161499,-1.4677791595458984,1.3084453344345093,-2.456702709197998,2.6061434745788574,4.177733421325684,-1.7130858898162842,-7.9107513427734375,-1.2859463691711426,1.463299036026001,3.0715649127960205,0.8439579010009766,0.8081933856010437,-3.095991849899292,-3.236452341079712,-5.6188788414001465,-0.8436453938484192,-4.636128902435303,-1.0771573781967163,-4.535406589508057,-0.7803653478622437,-0.25374436378479004,0.2856042683124542,-1.0139786005020142,-2.0198886394500732,-1.8253129720687866,-0.7809839844703674,-2.128610849380493,3.677428722381592,-2.256164789199829,-2.684053659439087,1.0
116,-925.232177734375,15.272439002990723,-5.979738235473633,3.340940475463867,-0.5693449974060059,-5.040328502655029,-4.107673645019531,-2.4749855995178223,-4.8893561363220215,0.029646169394254684,-1.8942643404006958,1.776043176651001,-2.2889628410339355,2.5258235931396484,3.9831185340881348,-1.2742716073989868,-8.09709644317627,-2.0621137619018555,2.5319178104400635,3.408222198486328,2.4067234992980957,0.8416666984558105,-2.514857053756714,-3.47524094581604,-5.214534759521484,-0.6233425736427307,-4.126227378845215,-1.1879669427871704,-4.575093746185303,0.07164353877305984,0.37267813086509705,0.09732308238744736,-0.19444745779037476,-2.070497751235962,-1.7433897256851196,-0.8961133360862732,-1.9293811321258545,3.686079263687134,-1.730958104133606,-2.7064521312713623,1.0
117,-914.5103759765625,9.189181327819824,-6.656920433044434,6.591917037963867,-4.496562480926514,-0.07378469407558441,-4.739431858062744,-0.050367794930934906,-5.97271203994751,1.003355860710144,-1.9654573202133179,-1.0269612073898315,0.938501238822937,2.5168564319610596,2.453336477279663,-1.0825098752975464,-5.102354049682617,-2.0097908973693848,0.9682823419570923,2.7781410217285156,0.5086830854415894,0.9772687554359436,-2.904130697250366,-2.7475736141204834,-4.506608009338379,-0.8054869174957275,-3.7501332759857178,-1.4398306608200073,-3.857898235321045,-0.5895283818244934,0.10384052246809006,-0.4517733156681061,-0.8895344138145447,-2.317248821258545,-1.5047969818115234,-0.7433831691741943,-1.8536020517349243,3.171384334564209,-1.5669535398483276,-2.0688693523406982,1.0
118,-773.9215087890625,16.77840232849121,-0.7651711106300354,3.7221693992614746,1.9176183938980103,1.8420003652572632,-1.4549051523208618,2.4038636684417725,-3.1243956089019775,-0.22360721230506897,-1.495943546295166,-2.035090684890747,1.7714735269546509,-1.978840947151184,-0.5873397588729858,-0.1826932728290558,0.9487218856811523,-1.3970106840133667,-0.9766541123390198,-0.48433348536491394,-0.5881029367446899,-0.3500650227069855,-2.0832011699676514,-0.014499202370643616,-1.0687923431396484,-0.6295344233512878,-1.0357416868209839,-0.4571315348148346,-0.5337125658988953,-0.9745280742645264,-0.33692964911460876,-1.724776268005371,-0.4543478786945343,-0.9842249751091003,-0.7008295059204102,-1.0774167776107788,-0.5550792217254639,-0.7961463332176208,-0.8894268274307251,-0.2595101594924927,1.0
119,-820.7858276367188,26.030336380004883,11.758440017700195,15.79251766204834,6.4182891845703125,9.41024398803711,4.337083339691162,2.9553885459899902,-0.9825013279914856,0.3328797221183777,-0.3331158757209778,-2.6270065307617188,0.06818079948425293,-2.3547775745391846,-0.8309930562973022,-0.8953508734703064,-0.6239649653434753,-1.2018311023712158,-0.6211774349212646,-1.0230218172073364,-1.6731840372085571,-0.7481553554534912,-2.269709348678589,-0.8953866362571716,-1.8650541305541992,-1.3364924192428589,-1.1631494760513306,-1.5173784494400024,-0.992313802242279,-1.462492823600769,-0.9813273549079895,-1.7769964933395386,-0.8667421340942383,-1.2045996189117432,-1.282670497894287,-0.8905414342880249,-1.3177502155303955,-1.1051979064941406,-1.0687687397003174,-1.098825216293335,1.0
